[loop] 2026-07-03 17:08:39 START — waiting for any in-flight chunk
[loop] 2026-07-03 17:22:36 START — waiting for any in-flight chunk
[loop] 2026-07-03 17:22:36 in-flight chunk cleared — starting loop
[loop] 2026-07-03 17:22:36 chunk 1 starting
[loop] 2026-07-03 17:26:32 START — waiting for any in-flight chunk
[loop] 2026-07-03 17:28:01 START — waiting for any in-flight chunk
[loop] 2026-07-03 17:28:01 in-flight chunk cleared — starting loop
[loop] 2026-07-03 17:28:01 chunk 1 starting
[loop] 2026-07-03 17:44:05 START — waiting for any in-flight chunk
[loop] 2026-07-03 17:44:05 in-flight chunk cleared — starting loop
[loop] 2026-07-03 17:44:05 chunk 1 starting
Targets: 400 churches
maxImages=8, estimated Apify cost ~$4.00
Starting Apify compass~crawler-google-places for 380 place ids...
Run A5y2XwjRw0I88eUUn, dataset hcqsYNFdCCN7P2ZLy
Dataset items: 380
  first-church-of-the-nazarene-lubbock: 5 photos
  lakewood-church-of-god-hudson: 8 photos
  assembly-of-god-church-orleans: 8 photos
  first-baptist-church-griffin: 8 photos
  christian-jubilee-center-arcata: 7 photos
  first-assembly-of-god-church-waco: 8 photos
  total-deliverance-worship-center-spring-valley: 8 photos
  point-of-light-church-cedar-hill: 8 photos
  oakland-heights-baptist-church-cartersville: 8 photos
  central-assembly-of-god-vero-beach: 8 photos
  fellowship-church-lakeland + fellowship-church-assembly-of-god-lakeland: 8 photos
  dinsmore-baptist-church-jacksonville: 8 photos
  first-assembly-of-god-church-livingston: 8 photos
  iglesia-de-cristo-miel-palmdale: 8 photos
  church-of-southland-anaheim: 8 photos
  greater-peace-baptist-church-columbus: 5 photos
  bridgeway-church-lewisville: 8 photos
  first-united-pentecostal-church-jacksonville: 8 photos
  sunrise-church-of-california-victorville: 8 photos
  canaan-baptist-church-covington: 8 photos
  lake-country-church-fort-worth: 8 photos
  lakeview-baptist-church-clearwater: 8 photos
  king-s-fire-church-lake-katrine: 8 photos
  community-bible-church-vallejo: 8 photos
  christ-temple-church-stockton: 8 photos
  west-coast-word-church-tarpon-springs: 8 photos
  full-gospel-center-lagrangeville: 4 photos
  heatherwood-baptist-church-newnan: 8 photos
  riverlife-church-of-god-bradenton: 8 photos
  fairmeadows-baptist-church-duncanville: 8 photos
  first-baptist-church-pottsboro: 8 photos
  island-church-galveston: 8 photos
  holy-bethel-church-of-god-in-christ-buford + holy-bethel-house-of-god-ministry-buford + holy-bethel-church-of-god-in-christ-lawrenceville: 8 photos
  lakeview-community-church-tarpon-springs: 8 photos
  bethel-missionary-baptist-church-tallahassee: 8 photos
  seminole-church-sanford: 8 photos
  solid-rock-church-new-windsor: 4 photos
  emmanuel-apostolic-church-vallejo: 8 photos
  emanuel-church-of-god-anaheim: 8 photos
  pilgrim-rest-missionary-baptist-houston: 8 photos
  central-baptist-churches-deer-park: 8 photos
  first-baptist-church-of-murphy-murphy: 8 photos
  new-jerusalem-church-of-god-springfield-gardens + new-jerusalem-pentecostal-church-of-god-in-christ-jamaica: 8 photos
  the-cross-loganville: 8 photos
  redemption-baptist-church-pompano-beach: 8 photos
  carver-road-baptist-church-griffin: 7 photos
  missionary-church-brooklyn: 8 photos
  first-christian-church-kissimmee: 8 photos
  southside-assembly-of-god-jacksonville + southside-church-of-god-in-christ-jacksonville: 8 photos
  calvary-assembly-of-god-staten-island: 8 photos
  restoration-church-of-god-jacksonville: 8 photos
  st-illuminators-armenian-apostolic-cathedral-new-york: 8 photos
  freedom-fellowship-church-orlando: 8 photos
  vineyard-christian-fellowship-san-dimas: 8 photos
  central-baptist-church-of-ny-new-york + central-baptist-church-of-nyc-new-york: 7 photos
  countryside-baptist-church-clearwater: 8 photos
  legacy-church-new-braunfels: 8 photos
  berea-baptist-church-big-spring: 8 photos
  victory-baptist-church-copperas-cove: 6 photos
  first-baptist-church-cartersville: 8 photos
  mt-canaan-baptist-church-houston: 8 photos
  heritage-presbyterian-church-acworth: 8 photos
  zion-baptist-church-covington: 8 photos
  every-nation-new-york-city: 8 photos
  fellowship-forney-forney: 8 photos
  willing-workers-baptist-church-houston: 8 photos
  fr-armee-du-salut: 7 photos
  greater-beallwood-baptist-church-columbus: 8 photos
  unionville-baptist-church-macon: 5 photos
  cross-roads-fellowship-sebring: 3 photos
  bellaire-baptist-church-lubbock: 8 photos
  riverlakes-community-church-bakersfield: 4 photos
  prince-of-peace-jacksonville: 8 photos
  redding-christian-fellowship-redding: 8 photos
  park-place-wesleyan-church-pinellas-park: 8 photos
  new-hope-baptist-church-senoia: 8 photos
  the-church-on-rush-creek-mansfield: 8 photos
  new-covenant-church-valdosta: 8 photos
  city-life-church-houston-tx: 8 photos
  the-rock-of-winter-haven-winter-haven: 7 photos
  nazarene-church-owego: 8 photos
  roopville-road-baptist-church-roopville: 8 photos
  highland-community-church-columbus: 8 photos
  metrowest-church-of-the-nazarene-orlando + orlando-metro-west-church-of-the-nazarene-operating-as-the-way-orlando: 8 photos
  fr-eglise-vie-et-paix: 8 photos
  new-macedonia-missionary-baptist-riviera-beach: 8 photos
  greenpoint-reformed-church-brooklyn: 6 photos
  berean-baptist-church-brooklyn: 8 photos
  golden-triangle-church-on-the-rock-lumberton: 8 photos
  hutto-baptist-church-hutto: 8 photos
  church-of-pentecost-cop-berlin-spandau: 8 photos
  bronxwood-international-church-of-god-bronx: 1 photos
  calvary-chapel-seminole: 8 photos
  sonshine-baptist-church-port-charlotte: 8 photos
  living-faith-church-houston + living-faith-baptist-church-houston: 8 photos
  nassau-bay-baptist-church-houston: 8 photos
  iglesia-bautista-verdad-y-vida-pembroke-pines: 8 photos
  247-church-san-antonio: 8 photos
  spring-hill-missionary-baptist-church-tampa: 5 photos
  calvary-hills-baptist-church-san-antonio: 8 photos
  houston-international-church-humble: 2 photos
  tampa-covenant-church-tampa: 8 photos
  texas-baptist-church-san-antonio: 8 photos
  alive-church-heidelberg: 8 photos
  first-christian-church-seminole: 8 photos
  heights-baptist-church-alvin-alvin: 7 photos
  first-baptist-church-lancaster-lancaster: 8 photos
  north-garland-baptist-fellowsh-garland + african-baptist-church-of-north-dallas-garland: 8 photos
  twin-lakes-community-church-palmdale: 6 photos
  bible-baptist-church-lindale: 8 photos
  oasis-church-ormond-beach: 8 photos
  oak-park-church-jonesboro: 8 photos
  grace-baptist-church-medina: 8 photos
  calvary-assembly-of-god-texarkana: 4 photos
  southmont-baptist-church-denton: 8 photos
  restoration-church-mission: 8 photos
  redeeming-grace-baptist-church-san-antonio: 8 photos
  bldg-28-church-clearwater: 8 photos
  first-assembly-of-god-lake-wales: 4 photos
  union-grove-baptist-church-warner-robins + union-grove-missionary-baptist-church-warner-robins: 8 photos
  faith-covenant-church-saint-petersburg: 4 photos
  journey-christian-community-waco: 8 photos
  redeemed-christian-brooklyn: 8 photos
  first-baptist-church-melissa: 8 photos
  aurora-baptist-church-aurora: 8 photos
  celebracion-cristiana: 8 photos
  victory-baptist-church-milton: 8 photos
  old-paths-bible-baptist-church-rochester: 2 photos
  centro-de-avivamiento-valle-de-sitim-white-plains: 8 photos
  calvary-nexus-camarillo: 7 photos
  assembly-of-god-houston + christian-chapel-assembly-of-god-prosper + next-step-assembly-of-god-corsicana + assembly-of-god-church-huntsville: 8 photos
  greater-zion-temple-church-of-god-in-christ-temple: 4 photos
  freedom-tabernacle-cumming: 8 photos
  bon-air-baptist-church-dallas: 8 photos
  first-baptist-church-of-glen-glen-saint-mary: 8 photos
  morning-star-missionary-baptist-church-jamaica: 8 photos
  iglesia-ni-cristo-church-long-island-city: 8 photos
  faith-wesleyan-church-lakeland: 3 photos
  lindsay-street-baptist-church-atlanta: 8 photos
  vinings-church-smyrna: 8 photos
  chino-valley-community-church-chino-hills: 8 photos
  first-baptist-church-riverview: 8 photos
  selah-hills-church-georgetown: 8 photos
  lifebridge-community-church-fresno: 7 photos
  torre-fuerte-christian-church-sunrise: 8 photos
  tba-church-lakeland: 8 photos
  mount-sinai-baptist-church-san-pedro: 8 photos
  all-saints-presbyterian-church-austin: 8 photos
  cornerstone-community-bible-church-sugar-land: 8 photos
  the-abbey-church-office-fort-worth: 8 photos
  southway-community-church-houston: 8 photos
  calvary-assembly-church-of-god-sugar-hill: 8 photos
  emmanuel-church-burbank: 8 photos
  carpenter-s-way-baptist-church-lufkin: 8 photos
  cornerstone-united-pentecostal-church-lufkin: 1 photos
  kashmere-garden-baptist-church-houston: 8 photos
  trinity-chapel-south-campus-mcdonough: 8 photos
  richmond-hill-first-baptist-church-richmond-hill: 8 photos
  riverbank-assembly-of-god-riverbank: 8 photos
  antelope-valley-christian-center-lancaster: 8 photos
  mt-moriah-baptist-church-of-los-angeles-inc-los-angeles: 8 photos
  saint-stephen-s-missionary-baptist-church-atlanta: 8 photos
  mt-olive-church-of-plano-plano: 8 photos
  champion-fellowship-brenham: 8 photos
  macedonia-baptist-church-mount-vernon: 7 photos
  bethel-church-brunswick: 8 photos
  church-of-the-open-door-glendora: 8 photos
  northlake-baptist-church-garland: 8 photos
  first-baptist-church-okeechobee: 3 photos
  emmanuel-baptist-church-sacramento: 2 photos
  first-baptist-church-toccoa: 8 photos
  port-orange-christian-church-port-orange + port-orange-christian-port-orange: 3 photos
  cottonwood-baptist-church-dublin: 8 photos
  bethany-baptist-church-syracuse: 8 photos
  st-andrews-assembly-of-god-panama-city: 8 photos
  seminole-first-baptist-church-seminole: 8 photos
  redeemer-church-albany: 7 photos
  mandarin-baptist-church-of-los-angeles-alhambra: 7 photos
  holiday-community-fellowship-church-holiday: 8 photos
  iglesia-bautista-fuente-de-luz-jacksonville: 8 photos
  first-baptist-church-of-ruskin-ruskin: 8 photos
  calvary-chapel-hub-san-clemente: 8 photos
  day-star-tabernacle-international-douglasville: 7 photos
  pflugerville-community-church-pflugerville: 8 photos
  life-church-of-san-antonio-san-antonio: 7 photos
  st-luke-baptist-church-new-york: 4 photos
  first-baptist-church-canyon-lake: 3 photos
  williston-church-of-god-by-faith-williston: 2 photos
  calvary-chapel-lilburn: 8 photos
  christian-bible-baptist-church-missouri-city + christian-bible-church-missouri-city: 8 photos
  friendship-baptist-church-atlanta + friendship-baptist-atlanta: 8 photos
  immanuel-baptist-church-el-paso: 8 photos
  hays-hills-baptist-church-buda: 8 photos
  tabernacle-baptist-church-evans: 2 photos
  island-of-hope-church-of-god-and-christ-houston: 8 photos
  pfingstgemeinde-jesus-quelle-des-lebens: 8 photos
  harvest-christian-church-cantonment: 8 photos
  vansickle-baptist-church-greenville: 8 photos
  calvary-chapel-los-angeles: 8 photos
  first-christian-church-of-memphis-memphis: 6 photos
  engage-calvary-college-station: 7 photos
  first-baptist-church-valdosta: 8 photos
  gracepoint-church-lodi: 8 photos
  northwest-community-church-tampa: 3 photos
  stjohn-missionary-baptist-oakland: 8 photos
  shasta-baptist-church-redding: 6 photos
  old-time-baptist-church-hamburg: 7 photos
  rice-temple-baptist-church-houston: 8 photos
  del-aire-baptist-church-hawthorne: 7 photos
  madison-hills-baptist-church-san-antonio: 8 photos
  trinity-fellowship-church-houston: 8 photos
  first-christian-church-mableton: 8 photos
  calvary-baptist-church-canton: 8 photos
  new-hope-baptist-church-powder-springs: 8 photos
  st-paul-s-baptist-church-dallas: 8 photos
  calvary-chapel-open-door-anaheim: 8 photos
  first-baptist-church-of-waxahachie-waxahachie: 8 photos
  community-bible-church-saginaw: 7 photos
  church-of-christ-at-snellville-snellville: 7 photos
  faith-christian-fellowship-church-bedford: 7 photos
  life-point-church-tamarac: 8 photos
  unity-truth-center-prayer-line-port-richey: 8 photos
  northview-christian-church-buford: 8 photos
  calvary-chapel-tampa-lutz: 7 photos
  calvary-christian-center-orange-park: 8 photos
  34th-street-church-of-god-tampa: 8 photos
  salem-institutional-baptist-church-dallas: 5 photos
  granite-creek-community-church-claremont: 8 photos
  trinity-assembly-of-god-clay: 8 photos
  cana-baptist-church-burleson: 8 photos
  first-united-church-of-jesus-bronx: 6 photos
  first-baptist-church-athens: 8 photos
  holy-trinity-armenian-apostolic-church-fresno: 8 photos
  mars-hill-community-church-powder-springs: 8 photos
  house-of-prayer-christian-church-of-american-hinesville: 1 photos
  hosanna-baptist-church-poteet: 1 photos
  set-free-christian-fellowship-phelan: 7 photos
  wayside-community-church-rosamond: 6 photos
  new-hope-independent-baptist-church-diana: 8 photos
  providence-bible-church-saint-augustine: 8 photos
  first-christian-church-conroe: 8 photos
  destiny-community-church-international-whittier: 7 photos
  first-baptist-church-deland: 8 photos
  faith-sugar-land-sugar-land: 8 photos
  tehillah-ministries-bakersfield: 8 photos
  st-peter-missionary-baptist-church-atlanta: 6 photos
  bethany-baptist-church-mcdonough: 7 photos
  iglesia-cristo-vive-hialeah: 8 photos
  new-life-baptist-church-davie-davie: 8 photos
  shining-light-baptist-church-blairsville: 8 photos
  ridgeway-baptist-church-paige: 1 photos
  macedonia-church-macon: 8 photos
  colonial-hills-baptist-church-tyler: 8 photos
  berean-christian-church-stockbridge: 8 photos
  rosemont-baptist-church-lagrange: 7 photos
  new-covenant-church-north-campus-longview: 8 photos
  next-level-church-downtown-fort-myers: 8 photos
  first-mexican-baptist-church-edinburg: 5 photos
  iglesia-bautista-peters-road-peters-road-baptist-church-plantation: 8 photos
  the-vineyard-church-stafford + vineyard-church-of-sugar-land-stafford: 8 photos
  church-of-god-of-east-flatbush-brooklyn: 8 photos
  westside-family-worship-center-jacksonville: 8 photos
  army-salvation-san-francisco: 8 photos
  calvary-chapel-of-cypress-cypress: 8 photos
  new-pilgrim-missionary-baptist-macon: 8 photos
  lackland-baptist-church-san-antonio: 3 photos
  fairfield-baptist-church-cypress: 8 photos
  new-life-assembly-united-rochester: 8 photos
  pentecostal-baptist-church-houston: 8 photos
  journey-bible-fellowship-leander: 8 photos
  antioch-progressive-baptist-church-sacramento: 8 photos
  mission-hills-ministry-center-lompoc: 8 photos
  grove-level-baptist-church-dalton: 8 photos
  first-baptist-church-of-castle-hill-azle: 4 photos
  tabernacle-of-praise-family-worship-center-houston: 8 photos
  springhill-m-b-church-gainesville: 8 photos
  fellowship-bible-church-of-longview-tx-longview: 8 photos
  abundant-life-jacksonville: 6 photos
  calvary-chapel-san-diego-imperial-beach: 8 photos
  the-church-at-philadelphia-fort-worth: 3 photos
  first-baptist-church-punta-gorda: 8 photos
  calvary-chapel-gwinnett-buford: 8 photos
  banana-bay-baptist-church-ocoee: 8 photos
  calvary-baptist-church-dayton: 4 photos
  calvary-chapel-tallahassee: 8 photos
  brazos-pointe-fellowship-clute: 8 photos
  medical-missionaries-of-mary-bronx: 8 photos
  christ-chapel-bible-church-weatherford: 8 photos
  elevate-church-marble-falls: 8 photos
  calvary-temple-san-antonio: 8 photos
  first-assembly-of-god-church-big-lake: 7 photos
  faith-fellowship-community-church-north-highlands: 8 photos
  bethel-baptist-church-lakeland: 8 photos
  the-church-of-abilene-abilene: 8 photos
  bread-of-life-inc-wyandanch: 8 photos
  first-christian-church-johnson-city: 8 photos
  graystone-church-bogart + graystone-church-oconee-campus-bogart: 8 photos
  central-baptist-church-sulphur-springs: 8 photos
  redemptive-life-christian-fellowship-conyers: 6 photos
  bread-of-life-fellowship-lake-elsinore: 7 photos
  all-nations-church-of-god-sacramento: 8 photos
  the-sanctuary-jupiter: 8 photos
  cornerstone-fellowship-baptist-abilene: 8 photos
  community-covenant-church-santa-barbara: 6 photos
  central-church-of-christ-dalton: 8 photos
  first-baptist-church-belle-glade: 8 photos
  mt-olive-primitive-baptist-church-touchiing-lives-ministry-jacksonville: 8 photos
  revive-church-longview: 8 photos
  assemblies-of-god-church-seminole-largo: 8 photos
  new-life-worship-center-tyler: 8 photos
  mountain-christian-center-oakhurst: 8 photos
  bethel-community-church-los-banos: 8 photos
  assembly-of-god-hempstead: 8 photos
  palm-valley-church-edinburg-campus-edinburg: 8 photos
  menifee-bible-church-sun-city: 8 photos
  iglesia-cristiana-ebenezer-houston: 8 photos
  saint-john-the-baptist-ca-lubbock: 8 photos
  progressive-church-of-god-in-christ-sacramento: 7 photos
  full-gospel-holy-temple-church-houston: 8 photos
  bay-hills-community-church-san-pablo: 8 photos
  iglesia-de-dios-pentecostal-hollywood + iglesia-de-dios-pentecostal-m-i-hollywood-hollywood: 8 photos
  dwelling-place-church-woodstock: 8 photos
  cedar-creek-church-of-god-gun-barrel-city: 3 photos
  oak-ridge-wesleyan-church-largo: 8 photos
  sharpstown-baptist-church-houston: 8 photos
  mision-bautista-emanuel-baytown: 8 photos
  perimeter-road-baptist-church-valdosta: 1 photos
  fr-eglise-evangelique-mpe-du-lorrain: 8 photos
  evangelical-church-of-god-lindenhurst: 8 photos
  church-of-god-in-christ-number-one-inc-vero-beach: 8 photos
  above-beyond-community-church-boca-raton: 8 photos
  pleasant-valley-south-baptist-silver-creek: 8 photos
  hope-center-redlands: 8 photos
  bethesda-full-gospel-buffalo: 2 photos
  first-baptist-church-powder-springs: 7 photos
  macedonia-baptist-church-longview: 4 photos
  god-s-family-bible-church-bunnell: 3 photos
  first-unitarian-church-orlando: 6 photos
  chase-oaks-church-sloan-creek-campus-fairview: 8 photos
  neighborhood-church-anderson: 8 photos
  killeen-church-of-the-nazarene-killeen: 8 photos
  the-church-in-san-francisco-san-francisco: 8 photos
  the-crossing-church-spring: 8 photos
  swan-baptist-church-tyler: 8 photos
  victory-baptist-church-new-caney: 8 photos
  salem-community-church-of-god-lake-worth: 8 photos
  first-christian-church-of-jonesboro-jonesboro: 8 photos
  beulah-baptist-church-tampa: 2 photos
  central-assembly-of-god-seguin: 8 photos
  1st-baptist-church-auburndale: 8 photos
  the-king-s-way-baptist-church-douglasville: 8 photos
  new-hope-church-arroyo-grande: 8 photos
  living-word-family-church-gainesville: 5 photos
  crossroads-church-fairburn: 8 photos
  st-paul-orthodox-christian-church-naples: 8 photos
  north-waverly-chapel-waverly: 8 photos
  genesis-full-life-fellowship-church-san-antonio: 8 photos
  first-christian-church-rowlett: 7 photos
  st-john-primitive-baptist-church-clearwater: 2 photos
  grace-baptist-church-flower-mound: 8 photos
  bethel-church-temple: 8 photos
  east-point-assembly-of-god-tampa: 8 photos
  eastchester-road-church-of-god-bronx: 6 photos
  chestnut-grove-baptist-church-grayson: 8 photos
  the-river-christian-community-incop-oakdale: 2 photos
  compassion-christian-downtown-savannah: 8 photos
  huisache-avenue-baptist-church-san-antonio: 8 photos
  poinciana-christian-church-kissimmee: 7 photos
  east-bay-church-religious-science-oakland: 8 photos
  calvary-baptist-church-melbourne: 8 photos
  baxley-church-of-god-baxley: 8 photos
  greater-st-paul-missionary-baptist-church-oakland + greater-st-paul-missionary-oakland: 7 photos

Done. 392 churches updated, 2708 photos mirrored to R2.
Raw archive: /Users/dpr/Code/Projekt/gospelmigration/data/places-raw/photos-run-2026-07-03.jsonl
Failures (84):
  - christian-jubilee-center-arcata[7]: http_403
  - greater-peace-baptist-church-columbus[5]: http_403
  - living-waters-of-chino-chino[0]: http_403
  - bible-enrichment-fellowship-international-inglewood[0]: http_403
  - solid-rock-church-new-windsor[4]: http_403
  - carver-road-baptist-church-griffin[7]: http_403
  - central-baptist-church-of-ny-new-york[1]: too_small_470x387
  - fr-armee-du-salut[0]: http_403
  - unionville-baptist-church-macon[5]: http_403
  - riverlakes-community-church-bakersfield[4]: http_403
  - the-rock-of-winter-haven-winter-haven[1]: This operation was aborted
  - victory-fellowship-san-antonio[0]: http_403
  - greenpoint-reformed-church-brooklyn[3]: too_small_311x320
  - greenpoint-reformed-church-brooklyn[7]: http_403
  - bronxwood-international-church-of-god-bronx[0]: http_403
[loop] 2026-07-03 18:01:33 chunk 2 starting
Targets: 400 churches
maxImages=8, estimated Apify cost ~$4.00
Starting Apify compass~crawler-google-places for 379 place ids...
Run qvG7lmo10Aa9gZLYJ, dataset a4dfDyaOMGkO0uZKi
Dataset items: 379
  oak-griner-baptist-church-ocala: 7 photos
  first-baptist-church-fresno-fresno: 8 photos
  shiloh-baptist-church-pelham: 8 photos
  harvest-christian-fellowship-amarillo: 8 photos
  philadelphia-independent-church-of-god-in-christ-fairburn: 8 photos
  harbor-baptist-ormond-beach: 2 photos
  fellowship-bible-church-pearland: 6 photos
  all-nations-baptist-church-woodhaven: 8 photos
  calvary-chapel-jacksonville: 8 photos
  summit-baptist-church-loganville: 8 photos
  west-coast-baptist-church-vista: 8 photos
  morningstar-church-tampa: 8 photos
  iglesia-bautista-horeb-inc-hialeah: 5 photos
  christ-is-salvation-church-thermal: 8 photos
  memorial-baptist-church-temple: 8 photos
  cornerstone-church-of-west-los-angeles-los-angeles: 8 photos
  grace-community-church-ramona: 8 photos
  sweet-home-missionary-baptist-church-galena-park: 8 photos
  oakbrook-center-for-spiritual-living-ocala: 7 photos
  gwinnett-community-church-lawrenceville: 8 photos
  towne-view-baptist-church-kennesaw: 8 photos
  liberty-christian-fellowship-fresno: 5 photos
  fountain-of-love-fellowship-pomona: 7 photos
  memorial-baptist-church-s-b-c-of-pasadena-pasadena: 8 photos
  fairfield-missionary-baptist-church-fairfield: 8 photos
  cornerstone-church-north-bedford: 8 photos
  church-of-the-nazarene-bay-city: 3 photos
  faith-baptist-church-princeton: 8 photos
  allen-memorial-church-of-god-mount-vernon: 8 photos
  grace-city-portland: 8 photos
  new-life-christian-church-wildwood: 8 photos
  hope-community-bible-spring-hill: 8 photos
  korean-evangelical-church-san-francisco: 8 photos
  heart-soul-center-of-light-emeryville: 8 photos
  third-baptist-church-san-francisco: 8 photos
  lakeside-church-greensboro: 8 photos
  woodlawn-baptist-church-crestview: 8 photos
  laurel-ridge-community-church-oakley: 8 photos
  bethel-evangelical-church-national-city: 8 photos
  calvary-chapel-pomona: 6 photos
  mosaic-christian-church-rocklin: 8 photos
  west-georgia-worship-center-bremen: 8 photos
  casa-view-garland: 4 photos
  good-news-church-of-central-fl-leesburg: 8 photos
  shiloh-baptist-church-newborn: 6 photos
  fifth-avenue-baptist-church-saint-petersburg: 8 photos
  first-baptist-church-hanford: 8 photos
  faith-life-center-mira-loma: 8 photos
  holy-cross-melkite-greek-catholic-church-placentia: 8 photos
  relevate-church-calhoun-calhoun: 5 photos
  rock-church-bakersfield: 3 photos
  first-baptist-church-of-cutler-ridge-cutler-bay: 5 photos
  northwest-baptist-church-austin: 4 photos
  heritage-baptist-church-haslet: 8 photos
  southside-assembly-of-god-lakeland-lakeland + southside-assembly-of-god-garland + southside-assembly-of-god-lakeland: 8 photos
  park-street-baptist-church-saint-petersburg: 8 photos
  new-life-community-church-hawthorne: 8 photos
  a-igreja-de-jesus-cristo-dos-santos-dos-ultimos-dias-coconut-creek: 8 photos
  abundant-life-church-springfield: 8 photos
  new-hope-baptist-church-toccoa: 8 photos
  marlboro-heights-baptist-killeen: 4 photos
  parkgate-community-church-pasadena: 8 photos
  new-life-church-kingwood: 8 photos
  bible-baptist-church-la-grange: 8 photos
  iglesia-alianza-cristiana-y-misionera-de-kissimmee-kissimmee: 8 photos
  trinity-baptist-church-danielsville: 8 photos
  st-matthew-s-baptist-church-houston: 3 photos
  columbus-baptist-association-columbus: 8 photos
  baptist-tabernacle-lagrange: 8 photos
  antioch-baptist-church-hempstead: 6 photos
  first-mexican-baptist-church-brownsville: 8 photos
  broadview-baptist-church-abilene: 8 photos
  saint-johns-baptist-church-corpus-christi: 8 photos
  bridgepointe-church-the-outback-woodstock + bridgepointe-church-woodstock: 8 photos
  unity-of-fort-myers-fort-myers: 6 photos
  harvest-deaf-ministries-ringgold: 8 photos
  lakeside-bible-church-montgomery: 8 photos
  cathedral-of-faith-euless: 8 photos
  unity-bay-area-houston-league-city: 8 photos
  first-baptist-church-of-warrington-pensacola: 8 photos
  mission-church-san-antonio-helotes: 8 photos
  liberty-baptist-church-office-fayetteville: 8 photos
  crossroads-of-life-baptist-church-canton: 4 photos
  vineswfl-church-fort-myers: 8 photos
  reallife-church-new-braunfels: 8 photos
  harvest-baptist-association-bridgeport: 2 photos
  fr-eglise-evangelique-66: 4 photos
  castle-hills-christian-church-san-antonio: 8 photos
  jerusalem-baptist-church-new-wichita-falls: 1 photos
  first-baptist-church-winder: 8 photos
  calvary-chapel-of-venice-nokomis: 8 photos
  calvery-chapel-laguna-creek-elk-grove: 3 photos
  mount-olive-baptist-church-arlington: 2 photos
  fr-eglise-evangelique-tzigane-123: 5 photos
  kendall-church-of-god-miami: 5 photos
  saint-john-the-apostle-mcc-fort-myers + st-john-the-apostle-mcc-fort-myers: 5 photos
  jesup-church-of-god-jesup: 8 photos
  adi-acqui-terme: 8 photos
  town-east-baptist-church-san-antonio: 6 photos
  christ-temple-apostolic-church-houston: 8 photos
  calvary-chapel-ramona-ramona: 2 photos
  awaken-church-griffin-griffin: 8 photos
  first-baptist-church-laredo + first-christian-church-laredo: 8 photos
  phillips-grove-baptist-church-waynesboro: 8 photos
  coral-baptist-church-coral-springs: 8 photos
  grace-community-church-visalia: 8 photos
  first-baptist-church-terrell: 8 photos
  church-of-god-tifton: 8 photos
  first-spanish-assembly-of-god-dublin: 8 photos
  lake-eustis-christian-church-inc-eustis: 8 photos
  baptist-temple-san-marcos + first-baptist-church-san-marcos: 8 photos
  portland-church-of-the-nazarene-portland: 8 photos
  lake-hills-christian-center-riverside: 8 photos
  calvary-baptist-church-buffalo: 3 photos
  central-baptist-church-melbourne: 8 photos
  robert-carr-chapel-fort-worth: 8 photos
  first-baptist-church-of-moody-moody: 8 photos
  lake-don-pedro-baptist-church-la-grange: 1 photos
  st-peter-s-baptist-church-beaumont: 8 photos
  calvary-chapel-inland-mira-loma: 8 photos
  church-of-god-in-christ-toomsboro: 8 photos
  grace-covenant-church-brookland: 6 photos
  fr-eglise-foursquare-novation: 8 photos
  faith-community-church-nazarene-clovis: 8 photos
  life-church-east-syracuse: 8 photos
  merrick-park-baptist-church-jamaica: 5 photos
  barbours-chapel-baptist-church-texas-city: 8 photos
  christian-outreach-center-church-fort-worth + christian-center-haltom-city: 8 photos
  pine-forest-assembly-of-god-cantonment: 8 photos
  life-fellowship-hurst: 8 photos
  trinity-evangelical-free-church-eustis: 8 photos
  pleasant-ridge-baptist-church-defuniak-springs: 5 photos
  mid-cities-church-neely-campus-midland + mid-cities-community-church-neely: 8 photos
  st-mary-armenian-church-costa-mesa: 8 photos
  new-life-assembly-of-god-pembroke-pines: 8 photos
  smyrna-baptist-church-pensacola: 8 photos
  new-heights-baptist-church-wylie + new-heights-baptist-church-garland: 5 photos
  cornerstone-baptist-church-fallbrook: 8 photos
  first-baptist-church-gray: 7 photos
  christian-family-baptist-church-san-antonio: 8 photos
  church-of-god-of-central-wappingers-falls: 8 photos
  osborne-neighborhood-church-arleta: 8 photos
  westwood-missionary-baptist-church-winter-haven + westwood-missionary-baptist-winter-haven: 8 photos
  calvary-chapel-rosarito-yorba-linda + calvary-chapel-yorba-linda-yorba-linda: 8 photos
  covenant-worship-center-berkeley: 8 photos
  first-baptist-church-of-hollywood-los-angeles: 8 photos
  community-bible-church-new-braunfels: 8 photos
  pine-forest-baptist-church-vidor: 8 photos
  living-truth-christian-fellowship-corona + christian-church-light-in-the-darkness-corona: 3 photos
  first-baptist-church-sun-city: 5 photos
  arabic-church-of-houston-missouri-city: 7 photos
  first-baptist-church-mcallen: 7 photos
  gillette-first-baptist-church-palmetto: 8 photos
  toliver-chapel-baptist-church-waco: 3 photos
  first-baptist-church-sanger: 3 photos
  trinity-baptist-church-ludowici: 8 photos
  east-paris-baptist-church-paris: 8 photos
  midland-bible-church-midland: 8 photos
  parkwood-baptist-church-jacksonville: 8 photos
  arleta-liberty-temple-arleta: 8 photos
  marion-oaks-assembly-of-god-ocala: 8 photos
  cross-church-idp-mission: 3 photos
  living-stone-worship-center-del-rio: 8 photos
  magalia-pines-baptist-church-magalia: 8 photos
  east-st-paul-baptist-church-fort-worth: 4 photos
  solid-rock-fellowship-midland: 5 photos
  olivet-baptist-church-austin: 8 photos
  waterhouse-church-weatherford: 8 photos
  faith-baptist-church-wichita-falls: 8 photos
  unity-shoppe-santa-barbara: 2 photos
  unity-church-of-san-antonio-san-antonio: 8 photos
  iglesia-bautista-hispanoamericana-lilburn: 4 photos
  faith-assembly-of-god-pasadena: 5 photos
  new-haven-baptist-church-gordon: 7 photos
  salvation-praise-tabernacle-church-of-god-in-chr-jamaica: 2 photos
  lakeview-christian-fellowship-jacksonville: 8 photos
  north-cleveland-baptist-church-cleveland: 7 photos
  huntington-beach-cmnty-church-huntington-beach: 8 photos
  grace-orlando-longwood: 8 photos
  church-of-hope-palmetto: 8 photos
  first-baptist-church-winter-park: 8 photos
  calvary-chapel-staten-island: 7 photos
  capital-city-church-of-god-tallahassee: 8 photos
  harvest-baptist-church-acworth: 8 photos
  gwinnett-county-baptist-church-buford: 4 photos
  bethel-assembly-of-god-church-interlachen: 5 photos
  calvary-baptist-church-white-plains: 8 photos
  rolling-hills-baptist-church-jacksonville: 8 photos
  cedar-crossing-baptist-uvalda: 7 photos
  ramah-baptist-church-belleview: 6 photos
  greater-union-baptist-church-pensacola: 4 photos
  mt-olivet-baptist-church-rochester + mount-olivet-baptist-church-rochester: 8 photos
  grace-community-church-statesboro: 8 photos
  greater-antioch-missionary-baptist-church-pompano-beach: 3 photos
  new-life-church-sanger: 8 photos
  templo-de-la-cruz-hayward: 8 photos
  revealing-truth-ministries-outreach-christian-center-ocala: 8 photos
  calvary-chapel-rochester: 8 photos
  calvary-chapel-of-sonora-soulsbyville: 8 photos
  a-ll-generations-church-lockhart: 7 photos
  first-baptist-church-groveland: 8 photos
  newton-baptist-church-covington: 8 photos
  first-baptist-church-altoona: 4 photos
  buford-church-of-christ-buford: 7 photos
  eau-gallie-first-baptist-church-melbourne: 8 photos
  new-beginnings-pentecostal-church-abilene: 4 photos
  springfield-missionary-baptist-church-atlanta: 4 photos
  first-baptist-church-of-ty-ty-ty-ty: 5 photos
  faith-haven-church-orlando: 8 photos
  tabernacle-missionary-baptist-church-west-palm-beach: 7 photos
  living-word-assembly-of-god-ontario: 8 photos
  church-of-nazarene-tehachapi: 8 photos
  calvary-baptist-church-grand-prairie: 8 photos
  dongsan-korean-reformed-church-yonkers: 7 photos
  iglesia-la-gloria-de-dios-internacional-hialeah + iglesia-cristiana-la-gloria-de-dios-hialeah: 8 photos
  apostolic-original-holy-church-of-god-menlo-park: 8 photos
  shiloh-missionary-baptist-church-fort-worth: 5 photos
  first-baptist-church-heath-heath: 8 photos
  first-timothy-baptist-church-jacksonville: 8 photos
  bayshore-baptist-church-channelview: 6 photos
  st-john-missionary-baptist-church-dallas: 8 photos
  hopewell-baptist-church-athens: 8 photos
  hidden-treasures-assembly-of-god-kingsland: 8 photos
  mt-zion-baptist-church-west-columbia: 3 photos
  converse-first-baptist-church-converse: 8 photos
  emmanuel-baptist-bible-martville: 6 photos
  abundant-life-united-penecostal-church-silsbee: 8 photos
  calvary-baptist-church-norwich: 8 photos
  memorial-temple-baptist-church-opa-locka: 2 photos
  first-baptist-church-of-centerville-centerville: 7 photos
  apostolic-cathedral-of-praise-augusta: 2 photos
  christian-missionary-alliance-church-fulton: 2 photos
  calvary-chapel-antelope-vly-lancaster: 7 photos
  main-street-baptist-church-georgetown: 8 photos
  grace-community-fellowship-new-braunfels: 8 photos
  southeast-travis-county-baptist-church-creedmoor: 1 photos
  mid-state-baptist-church-paso-robles: 8 photos
  sweetwater-baptist-church-douglasville: 4 photos
  dogwood-hills-baptist-church-palestine-palestine: 6 photos
  pleasant-hills-missionary-baptist-church-dallas: 1 photos
  crooked-creek-baptist-church-athens: 4 photos
  all-nations-new-testament-church-of-god-fellowship-fort-lauderdale: 8 photos
  pin-oaks-christian-fellowship-anna: 8 photos
  new-beginnings-christian-fellowship-brockport: 8 photos
  mt-pleasant-baptist-church-macon: 8 photos
  houston-s-first-baptist-church-sienna-missouri-city: 8 photos
  center-of-life-baptist-church-houston: 7 photos
  dewitt-community-church-syracuse: 8 photos
  rccg-christ-throne-allen: 8 photos
  southside-baptist-church-savannah: 8 photos
  lake-washington-fellowship-church-melbourne: 5 photos
  bethel-baptist-church-richmond-hill: 8 photos
  fr-larche-de-paix: 8 photos
  living-hope-community-church-brea: 8 photos
  bethany-christian-reformed-church-bellflower: 8 photos
  crossroads-church-staten-island: 8 photos
  corinth-baptist-church-loganville: 8 photos
  fr-eglise-evangelique-baptiste-58: 1 photos
  cornerstone-church-of-littlerock-littlerock: 2 photos
  life-temple-full-gospel-church-huntsville: 8 photos
  evangelical-crusade-brooklyn: 8 photos
  church-of-the-nazarene-new-horizon-conroe: 6 photos
  victory-baptist-church-anaheim: 8 photos
  mt-calvary-baptist-church-pompano-beach: 8 photos
  lavonia-first-baptist-church-lavonia: 5 photos
  covenant-of-peace-church-irving: 8 photos
  new-life-rehoboth-church-bronx: 8 photos
  first-baptist-church-of-key-largo-key-largo: 8 photos
  mulberry-springs-baptist-church-hallsville: 6 photos
  southeast-baptist-church-san-antonio: 4 photos
  pilgrim-baptist-church-buffalo: 8 photos
  morning-star-baptist-grand-prairie: 8 photos
  life-church-mcdonough-mcdonough: 8 photos
  parkway-community-church-fairfield: 7 photos
  the-pentecostals-of-mcdonough-mcdonough: 8 photos
  pleasant-hill-baptist-church-tyler: 8 photos
  community-church-of-sebastopol-sebastopol: 8 photos
  high-desert-united-reformed-church-apple-valley: 8 photos
  crossroads-baptist-church-fort-myers: 8 photos
  lily-of-the-valley-church-of-god-in-christ-houston: 8 photos
  living-word-christian-ozone-park: 8 photos
  st-john-s-baptist-church-southlake: 8 photos
  macedonia-missionary-baptist-church-miami: 8 photos
  jacksonville-oak-hill-nazarene-church-jacksonville: 8 photos
  mt-pleasant-baptist-church-carrollton: 4 photos
  first-assembly-of-deland-deland: 8 photos
  red-oak-baptist-church-longview: 3 photos
  oakleaf-baptist-church-orange-park: 8 photos
  one-living-church-alvin: 8 photos
  lake-shore-baptist-church-jacksonville: 3 photos
  alden-community-church-alden: 8 photos
  lavon-assembly-of-god-church-lavon: 8 photos
  saint-andrew-church-of-god-christ-denton: 6 photos
  believers-meeting-christian-flushing: 3 photos
  ephesus-baptist-church-villa-rica: 8 photos
  hosanna-chapel-of-bellflower-bellflower: 8 photos
  dudley-baptist-church-pastorium-dudley: 8 photos
  calvary-baptist-church-rome: 2 photos
  mcclendon-e-clarence-ministries-full-harvest-international-church-carson: 5 photos
  unity-of-delray-beach-delray-beach: 8 photos
  grace-bible-church-newfane: 8 photos
  gatherine-of-champions-church-marietta: 8 photos
  the-mar-thoma-church-of-dallas-carrollton-carrollton: 8 photos
  paradise-baptist-church-atlanta: 8 photos
  trinity-united-methodist-church-longview: 8 photos
  resurrection-life-church-brooklyn: 3 photos
  fr-eglise-protestante-evangelique-13: 5 photos
  every-nation-church-new-jersey: 8 photos
  first-united-pentecostal-church-odessa: 8 photos
  southpoint-baptist-church-jacksonville + southside-baptist-church-jacksonville: 2 photos
  all-nations-church-of-god-by-faith-saint-petersburg: 8 photos
  christian-fellowship-baptist-church-atlanta + christian-fellowship-baptist-atlanta: 8 photos
  live-oak-church-of-god-christ-bon-wier: 8 photos
  northpark-community-church-fresno: 8 photos
  church-213-covington: 7 photos
  bethel-evangelical-church-delray-beach + bethel-evangelical-baptist-church-of-delray-beach-delray-beach: 8 photos
  west-tabernacle-baptist-church-beaumont: 5 photos
  royal-poincina-chapel-palm-beach: 8 photos
  church-of-the-nazarene-post: 8 photos
  north-central-baptist-church-gainesville: 8 photos
  solomon-temple-missionary-baptist-pittsburg: 7 photos
  first-baptist-church-gibsonton: 6 photos
  santa-clarita-christian-fellowship-canyon-country: 8 photos
  bridgepoint-church-saint-petersburg: 8 photos
  southern-hills-christian-church-carrollton: 8 photos
  joshua-house-of-worship-san-antonio: 8 photos
  faith-bible-church-murrieta-temecula: 8 photos
  southview-baptist-church-rosharon: 8 photos
  bread-of-life-church-of-the-nazarene-commerce: 2 photos
  river-city-church-jacksonville: 8 photos
  spring-place-baptist-church-chatsworth: 8 photos
  mount-rose-church-of-god-crosby: 8 photos
  mount-carmel-baptist-church-bronx: 8 photos
  calvary-chapel-of-phelan-phelan: 3 photos
  king-solomon-united-baptist-church-jacksonville: 8 photos
  thankful-missionary-baptist-church-rome + mohawk-missionary-baptist-church-rome: 7 photos
  first-baptist-church-peachtree-city: 8 photos
  cross-church-denton: 8 photos
  gum-branch-baptist-church-hinesville: 6 photos
  bible-way-missionary-baptist-church-copperas-cove: 8 photos
  chinese-bible-church-san-diego: 4 photos
  emanuel-romanian-pentecostal-church-sacramento: 8 photos
  concord-baptist-church-cumming: 8 photos
  davie-community-worship-center-davie + davie-community-worship-center-church-of-god-davie: 8 photos
  metropolitan-baptist-church-altadena: 8 photos
  first-church-of-god-in-christ-brooklyn: 8 photos
  fountain-of-life-christian-center-houston: 7 photos
  crossview-community-church-rockmart: 8 photos
  bible-baptist-church-statesboro + bible-baptist-church-pastorium-statesboro: 5 photos
  bible-baptist-church-new-port-richey: 8 photos
  welcome-hill-baptist-church-dalton: 8 photos
  central-baptist-church-west-palm-beach: 8 photos

Done. 372 churches updated, 2435 photos mirrored to R2.
Raw archive: /Users/dpr/Code/Projekt/gospelmigration/data/places-raw/photos-run-2026-07-03.jsonl
Failures (122):
  - oak-griner-baptist-church-ocala[7]: http_403
  - bible-baptist-church-crystal-river[0]: http_403
  - harbor-baptist-ormond-beach[0]: http_403
  - fellowship-bible-church-pearland[6]: http_403
  - living-waters-of-chino-chino[0]: http_403
  - victory-fellowship-san-antonio[0]: http_403
  - bible-enrichment-fellowship-international-inglewood[0]: http_403
  - unmatched placeId 
  - emmanuel-baptist-church-pittsburg: no imageUrls
  - park-avenue-missionary-baptist-riverside[0]: http_403
  - liberty-baptist-church-san-antonio: no imageUrls
  - oakbrook-center-for-spiritual-living-ocala[4]: http_403
  - fountain-of-faith-missionary-baptist-church-riverdale: no imageUrls
  - fountain-of-love-fellowship-pomona[4]: too_small_393x293
  - church-of-the-nazarene-bay-city[3]: http_403
[loop] 2026-07-03 18:22:10 chunk 3 starting
Targets: 400 churches
maxImages=8, estimated Apify cost ~$4.00
Starting Apify compass~crawler-google-places for 379 place ids...
Run f5QLMyZqMHF3NIAie, dataset FREdux9n1NvzcDuQ9
Dataset items: 379
  berean-bible-baptist-church-atlanta: 8 photos
  gwinnett-romanian-baptist-church-buford: 8 photos
  the-sanctuary-of-pentecost-acworth: 8 photos
  kiokee-baptist-church-appling: 8 photos
  legacy-church-ga-marietta: 8 photos
  fr-centre-chretien-2: 4 photos
  mt-olive-baptist-church-bible-institute-austin: 7 photos
  wings-of-faith-christian-center-sebring: 8 photos
  pines-baptist-church-pembroke-pines: 8 photos
  home-of-christ-church-saratoga: 7 photos
  lakeland-street-baptist-church-fort-worth: 6 photos
  christian-faith-baptist-church-port-arthur: 8 photos
  freedom-community-church-midlothian: 8 photos
  nevill-s-chapel-baptist-church-mount-pleasant: 6 photos
  first-baptist-church-pharr: 8 photos
  central-city-community-church-los-angeles: 8 photos
  new-hope-fellowship-bloomfield: 8 photos
  faith-baptist-church-deltona: 7 photos
  murray-hill-baptist-church-jacksonville: 8 photos
  pilgrim-bapt-church-buffalo: 8 photos
  northpointe-burleson: 4 photos
  empire-christian-center-albany: 7 photos
  new-community-church-lagrange: 8 photos
  bethel-missionary-los-angeles: 6 photos
  iglesia-bautista-colonial-palmview: 6 photos
  first-baptist-church-macclenny: 6 photos
  lovelife-christian-fellowship-church-ellenwood: 5 photos
  mt-pilgrim-baptist-church-lone-star: 2 photos
  first-baptist-church-of-bayou-george-panama-city: 2 photos
  church-on-the-north-shore-montgomery: 8 photos
  st-ruth-baptist-church-dania: 5 photos
  bible-believers-baptist-church-canyon: 8 photos
  fr-assemblee-de-dieu-viens-et-vois: 1 photos
  fountain-of-life-church-watauga: 2 photos
  the-worship-center-augusta: 5 photos
  santuary-of-houston-houston: 8 photos
  southwest-baptist-church-san-antonio: 8 photos
  freie-evangeliumskirche-schuttorf: 5 photos
  poplar-hill-baptist-church-buford: 8 photos
  heritage-baptist-church-lakeland: 8 photos
  holy-trinity-orthodox-cathedral-san-francisco: 8 photos
  shiloh-baptist-church-jonesboro: 8 photos
  new-millennium-bible-fellowship-dallas: 7 photos
  first-baptist-church-san-francisco: 8 photos
  redeemer-church-milton: 8 photos
  church-of-god-in-sampson-city-starke: 2 photos
  green-acres-baptist-church-athens: 8 photos
  new-el-bethel-baptist-church-dallas: 5 photos
  gant-lake-baptist-church-webster: 7 photos
  midway-baptist-church-dayton: 8 photos
  freedom-home-baptist-church-austin: 7 photos
  new-life-assembly-brownwood: 8 photos
  dixon-grove-baptist-church-jonesboro: 7 photos
  new-hope-missionary-baptistchurch-port-arthur: 7 photos
  marvelous-light-christian-ministry-lithia-springs: 2 photos
  red-river-valley-cowboy-church-paris: 7 photos
  the-redeem-christian-church-of-god-tabernacle-of-restoration-bronx: 7 photos
  real-life-orlando: 8 photos
  anthem-church-thousand-oaks: 4 photos
  immanuel-baptist-church-marshall: 8 photos
  first-christian-church-harlingen: 3 photos
  faith-chapel-syracuse: 8 photos
  the-freedom-church-of-jacksonville-jacksonville: 8 photos
  adi-mileto: 8 photos
  first-baptist-church-of-mcdonough-mcdonough + first-baptist-church-mcdonough: 8 photos
  fr-assemblee-de-dieu-77: 2 photos
  kingdom-harvest-church-of-god-dallas: 5 photos
  cornerstone-church-winnie: 4 photos
  living-word-church-syracuse: 7 photos
  saint-john-baptist-church-douglassville: 8 photos
  covenant-centre-international-west-palm-beach: 8 photos
  first-baptist-church-amherst: 8 photos
  calvary-baptist-church-perry: 8 photos
  westpark-baptist-church-delray-beach + west-park-baptist-church-delray-beach: 8 photos
  reach-church-florida-clearwater: 8 photos
  first-baptist-church-savannah: 8 photos
  cooper-temple-church-of-god-in-christ-miami-gardens: 8 photos
  first-baptist-church-of-joshua-cleburne: 8 photos
  fair-havens-church-north-tonawanda: 8 photos
  first-church-of-god-nacogdoches: 8 photos
  apostolic-tabernacle-houston: 7 photos
  abundant-life-ministries-los-angeles: 4 photos
  magnolia-apostolic-tabernacle-magnolia: 8 photos
  fourth-street-church-of-god-madera: 8 photos
  iglesia-de-dios-pentecostal-mi-riverside: 6 photos
  holy-temple-church-of-god-in-christ-texarkana: 7 photos
  riverside-baptist-colbert: 8 photos
  clair-mel-first-assembly-tampa: 3 photos
  first-baptist-church-hinesville + first-baptist-church-of-hinesville-hinesville: 7 photos
  abounding-grace-christian-church-schenectady: 8 photos
  canyon-creek-baptist-church-temple: 8 photos
  sunset-baptist-church-killeen: 8 photos
  together-we-stand-christian-church-missouri-city: 8 photos
  first-baptist-church-alva-alva: 3 photos
  beit-tehila-brandon: 8 photos
  florida-baptist-lakeland: 4 photos
  rivercity-calvary-chapel-sacramento: 8 photos
  calvary-chapel-waco: 8 photos
  life-church-florida-kissimmee: 2 photos
  living-faith-evangelical-church-long-beach: 7 photos
  connection-community-church-rowlett: 5 photos
  macedonia-baptist-church-pomona: 5 photos
  gethsemane-baptist-church-bronx: 6 photos
  harvest-of-harmony-intnatl-church-fresno: 6 photos
  rock-on-church-garden-grove: 8 photos
  greater-rising-star-baptist-church-nixon: 8 photos
  freie-christengemeinde-langwasser-e-v: 6 photos
  northlake-church-of-christ-tucker: 1 photos
  mount-olivet-baptist-church-peekskill + mount-olivet-baptist-church-yonkers: 8 photos
  adi-roma-torrevecchia: 4 photos
  eastgate-church-dayton: 7 photos
  fort-myers-christian-center-fort-myers: 8 photos
  assembly-of-god-church-munday: 7 photos
  bible-baptist-church-pittsburg: 8 photos
  faith-bible-church-san-bernardino: 8 photos
  eastvale-bible-church-norco: 8 photos
  zion-baptist-church-fort-worth: 3 photos
  church-at-the-rock-brooklyn: 1 photos
  good-shepherd-lutheran-church-titusville: 5 photos
  mount-zion-baptist-church-jamaica: 8 photos
  fairview-community-church-costa-mesa: 6 photos
  first-baptist-church-porter + porter-first-assembly-of-god-porter: 8 photos
  willowcreek-fellowship-plano: 8 photos
  hudson-view-baptist-church-yonkers: 8 photos
  church-of-the-nazarene-hernando: 8 photos
  fellowship-of-the-hills-blairsville: 8 photos
  st-frederick-baptist-church-marble-falls: 3 photos
  pursuit-christian-fellowship-sachse: 8 photos
  retta-baptist-church-burleson: 5 photos
  calvary-chapel-bible-college-vtnm-huntington-beach: 8 photos
  motion-church-longview: 8 photos
  mount-sinai-missionary-baptist-church-port-arthur: 8 photos
  lake-ellen-baptist-church-crawfordville: 3 photos
  fellowship-bible-church-san-francisco: 2 photos
  one-life-christian-church-baldwin: 7 photos
  new-jerusalem-missionary-baptist-church-valdosta: 8 photos
  fr-eglise-vie-nouvelle-2: 1 photos
  south-newington-baptist-church-bloomingdale: 8 photos
  st-nicolas-melkite-greek-catholic-church-delray-beach: 8 photos
  first-baptist-church-imperial-lakes-lakeland: 5 photos
  first-church-of-the-nazarene-new-port-richey: 2 photos
  trinity-baptist-church-niskayuna: 1 photos
  fr-eglise-de-dieu-douchy-les-mines: 8 photos
  eternal-faith-baptist-church-manor: 8 photos
  first-community-church-of-crandall-crandall: 2 photos
  first-baptist-church-of-morrow-morrow: 8 photos
  memorial-baptist-temple-montgomery: 3 photos
  trinity-baptist-church-of-orange-orange: 8 photos
  bethel-original-free-will-baptist-church-decatur: 5 photos
  church-of-god-of-the-union-asem-lavonia: 3 photos
  montrose-church-montrose: 8 photos
  grace-hills-church-laguna-woods: 8 photos
  calvary-chapel-magalia: 8 photos
  zion-rest-missionary-baptist-church-austin: 3 photos
  stuyvesant-heights-christian-brooklyn: 8 photos
  grace-street-church-of-god-apopka: 8 photos
  sandy-valley-baptist-church-warner-robins: 3 photos
  enclave-community-church-turlock: 2 photos
  fredonia-hill-baptist-church-nacogdoches: 8 photos
  the-lighthouse-costa-mesa: 8 photos
  restoration-church-bryan-bryan: 7 photos
  the-open-bible-church-galveston: 8 photos
  life-edinburg: 8 photos
  warner-robins-cme-church-warner-robins: 2 photos
  river-of-life-fellowship-mcallen: 8 photos
  coggin-avenue-baptist-church-brownwood: 8 photos
  fr-arche-de-la-victoire: 7 photos
  covenant-community-church-san-antonio: 8 photos
  wright-baptist-church-fort-walton-beach: 8 photos
  hope-valley-church: 7 photos
  fellowship-believers-baptist-pearland + fellowship-of-believers-baptist-church-pearland: 8 photos
  new-hope-missionary-baptist-church-apopka: 2 photos
  christengemeinde-temple-dor-munchen: 1 photos
  centereach-bible-church-centereach: 7 photos
  cool-community-church-cool: 3 photos
  grace-baptist-church-wilmington: 7 photos
  first-church-of-the-nazarene-orange: 4 photos
  first-baptist-church-horseshoe-bend-weatherford: 1 photos
  metropolitan-baptist-church-cocoa: 8 photos
  new-jerusalem-first-baptist-hollywood: 4 photos
  allen-heights-baptist-church-allen: 8 photos
  highland-baptist-church-lubbock: 3 photos
  union-baptist-church-winder: 8 photos
  summerville-church-of-god-summerville: 8 photos
  new-life-ministries-amarillo: 5 photos
  greater-joy-church-san-antonio: 6 photos
  mars-hill-baptist-church-watkinsville: 8 photos
  islands-assembly-of-god-savannah: 3 photos
  church-of-god-of-prophecy-brooklyn + the-church-of-god-of-prophecy-brooklyn: 3 photos
  calvary-chapel-vacaville: 2 photos
  first-alliance-church-atlanta: 4 photos
  pittsford-community-church-pittsford: 8 photos
  lighthouse-christian-church-sonoma: 5 photos
  grace-christian-fellowship-cortland: 1 photos
  north-point-ministries-inc-alpharetta: 3 photos
  every-nation-nyc-pm + every-nation-church-nyc-am-sunday-services-new-york: 8 photos
  gospel-believers-international-ministries: 8 photos
  chatsworth-foursquare-church-chatsworth: 8 photos
  light-of-the-hills-lutheran-church-lcms-cameron-park: 3 photos
  a-place-of-refuge-church-carrollton: 1 photos
  fr-eglise-triomphante-le-rocher: 3 photos
  brooklyn-baptist-church-brooklyn: 4 photos
  christ-memorial-baptist-savannah + wilder-memorial-baptist-church-savannah: 2 photos
  auburn-grace-community-church-auburn: 3 photos
  city-of-refuge-church-of-god-in-christ-oceanside: 8 photos
  treasure-coast-baptist-church-fort-pierce: 8 photos
  celebration-baptist-church-tallahassee: 8 photos
  word-of-life-mi-wuk-village: 8 photos
  acton-faith-bible-church-acton: 8 photos
  encounter-church-pensacola: 8 photos
  assembly-of-god-burnet + anahuac-assembly-of-god-anahuac + mighty-oak-assembly-of-god-slaton + community-assembly-of-god-modesto + spanish-assembly-of-god-longview: 8 photos
  carpenter-rd-church-of-god-tifton: 3 photos
  iglesia-cristiana-la-hermosa-church-new-york: 3 photos
  first-baptist-church-of-watauga-watauga: 8 photos
  bronx-baptist-church-bronx: 8 photos
  rehoboth-s-b-h-church-brooklyn: 2 photos
  calvary-chapel-of-lake-forest-lake-forest: 8 photos
  faith-baptist-camp-resaca: 8 photos
  first-baptist-church-buna: 2 photos
  hope-of-glory-fellowship-mcallen: 4 photos
  palmdale-community-church-palmdale: 6 photos
  calvary-baptist-church-santa-monica: 8 photos
  new-st-john-baptist-church-ocala: 2 photos
  armor-of-god-news-discussions-and-christian-jokes-wichita-falls: 4 photos
  normandale-baptist-church-fort-worth: 6 photos
  altha-church-of-god-altha: 8 photos
  first-baptist-church-of-lorena-lorena: 3 photos
  first-baptist-church-of-saginaw-saginaw: 8 photos
  faith-kingdom-church-of-god-in-christ-dallas: 8 photos
  covenant-ministries-stockton: 8 photos
  first-baptist-church-san-jacinto: 8 photos
  calvary-chapel-creekside-ontario: 8 photos
  oxnard-revival-center-oxnard: 8 photos
  gospel-assembly-church-bronx: 4 photos
  living-word-church-greenville: 8 photos
  olivet-gospel-assembly-bronx: 5 photos
  greater-sweethome-missionary-baptist-church-inc-forest-hill: 2 photos
  trinity-community-church-hampton: 7 photos
  lilly-of-the-valley-emmanuel-church-of-jesus-christ-lemoore: 8 photos
  mount-zion-baptist-church-temple: 4 photos
  bowden-church-of-god-in-christ-bowdon: 8 photos
  bible-baptist-church-san-antonio: 8 photos
  first-christian-church-orange: 6 photos
  lockport-alliance-church-lockport: 3 photos
  crossroads-community-church-auburndale: 8 photos
  christ-our-redeemer-church-irvine: 8 photos
  bois-d-arc-creek-cowboy-chur-bonham: 8 photos
  faith-united-miracle-temple-jacksonville: 1 photos
  hope-chapel-christian-assembly-jacksonville: 8 photos
  alive-church-pooler: 8 photos
  gospel-for-asia-inc-wills-point: 8 photos
  new-hope-baptist-church-league-city: 8 photos
  fr-eglise-protestante-baptiste-oeuvres-et-mission-internationale-de-paris: 7 photos
  englewood-christian-church-jacksonville: 8 photos
  first-baptist-church-tucker-tucker + first-baptist-church-of-tucker-tucker: 6 photos
  stallion-springs-community-church-tehachapi: 8 photos
  baybrook-baptist-church-friendswood: 5 photos
  iglesia-camino-del-rey-brownsville: 8 photos
  rising-star-baptist-church-texas-city: 4 photos
  first-baptist-church-east-point: 1 photos
  congress-avenue-baptist-church-austin: 8 photos
  new-life-bible-church-orange-city: 8 photos
  marsh-lane-baptist-church-dallas: 8 photos
  union-grove-church-of-god-tifton: 3 photos
  euless-first-church-of-the-nazarene-euless: 8 photos
  christian-church-indio: 8 photos
  fellowship-church-winter-springs: 8 photos
  faith-family-fellowship-desoto: 8 photos
  zion-united-reformed-church-ripon: 7 photos
  riverpark-bible-church-fresno: 4 photos
  city-of-lights: 7 photos
  first-baptist-church-singles-kilgore: 4 photos
  gospel-light-baptist-church-roanoke + gospel-light-baptist-church-roanoke-roanoke: 8 photos
  wilshire-avenue-community-church-fullerton: 8 photos
  centro-cristiano-amor-y-fe-inc-miami: 6 photos
  palm-view-first-baptist-church-palmetto: 8 photos
  first-brethren-church-sarasota + first-brethren-church-of-sarasota-sarasota: 5 photos
  first-baptist-church-activity-building-midland: 3 photos
  lone-oak-baptist-church-lone-oak: 8 photos
  whitehouse-assembly-of-god-jacksonville: 8 photos
  grace-baptist-church-of-debary-debary: 8 photos
  brownsville-baptist-church-brooklyn: 7 photos
  mount-zion-baptist-church-pompano-beach: 5 photos
  crestview-baptist-church-windcrest: 8 photos
  church-of-the-nazarene-twentynine-palms: 3 photos
  vero-christian-church-vero-beach: 8 photos
  cornerstone-baptist-church-lakeland: 5 photos
  greater-bethel-church-of-god-in-christ-waco: 6 photos
  calvary-chapel-lake-arrowhead-twin-peaks: 8 photos
  calvary-assembly-of-god-wichita-falls: 8 photos
  greater-new-prospect-baptist-needville: 8 photos
  centerpoint-church-kings-park: 7 photos
  hill-country-bible-church-canyon-lake: 3 photos
  summit-baptist-church-acworth: 8 photos
  dunwoody-community-church-atlanta: 8 photos
  lubbock-korean-calvary-baptist-church-lubbock: 8 photos
  cibolo-valley-baptist-church-schertz: 8 photos
  feg-munster-international-grundungsgemeinde: 8 photos
  first-baptist-church-of-west-tampa-tampa: 8 photos
  mt-olive-african-methodist-episcopal-church-fort-myers: 8 photos
  mt-zion-baptist-church-canton: 8 photos
  antelope-road-christian-fellowship-church-citrus-heights: 8 photos
  blessed-hope-community-church-webster: 8 photos
  first-baptist-church-st-marys-saint-marys: 8 photos
  faith-community-church-fillmore: 8 photos
  trinity-southern-baptist-church-fresno: 5 photos
  grace-baptist-church-redding: 2 photos
  house-of-miracles-apostolic-church-international-mcdonough + house-of-miracles-apostolic-church-mcdonough: 8 photos
  friendship-baptist-church-redwater: 8 photos
  assemblies-of-god-district-office-marianna: 7 photos
  bradenton-christian-reformed-bradenton + bradenton-christian-reformed-church-bradenton: 8 photos
  lakeview-fellowship-fort-worth: 8 photos
  church-of-the-nazarene-oxnard: 6 photos
  trinity-bible-church-oroville: 8 photos
  christ-community-church-pompano-beach: 8 photos
  fr-eglise-chretienne-evangelique-foursquare: 7 photos
  congregational-ucc-west-bloomfield: 8 photos
  east-chelsea-baptist-church-tampa: 8 photos
  calvary-chapel-gainesville: 8 photos
  chinese-baptist-church-coral-springs: 8 photos
  every-nation-marseille-eglise-evangelique: 7 photos
  lake-talquin-baptist-church-tallahassee: 8 photos
  faith-assembly-of-god-league-city: 8 photos
  ark-of-restitution-baptist-church-houston: 5 photos
  altamaha-baptist-church-jesup: 3 photos
  saints-peter-paul-orthodox-church-san-mateo: 8 photos
  eureka-church-of-nazarene-eureka: 5 photos
  silveroaks-baptist-church-orange: 1 photos
  cape-connection-church-cape-coral: 8 photos
  zeal-dresden: 7 photos
  connecting-point-church-of-the-nazarene-denair: 8 photos
  mendocino-presbyterian-church-mendocino: 8 photos
  first-baptist-church-of-groves-groves: 5 photos
  church-of-god-of-prophecy-marshall + church-of-god-of-prophecy-fresno: 8 photos
  winterville-first-baptist-church-winterville: 8 photos
  new-canaan-baptist-church-brooklyn: 8 photos
  iglesia-de-dios-pentecostal-conroe: 3 photos
  crosspointe-fellowship-church-kilgore: 8 photos
  first-baptist-church-center + newton-missionary-baptist-church-newton: 8 photos

Done. 359 churches updated, 2157 photos mirrored to R2.
Raw archive: /Users/dpr/Code/Projekt/gospelmigration/data/places-raw/photos-run-2026-07-03.jsonl
Failures (181):
  - unmatched placeId 
  - liberty-baptist-church-san-antonio: no imageUrls
  - fountain-of-faith-missionary-baptist-church-riverdale: no imageUrls
  - park-avenue-missionary-baptist-riverside[0]: http_403
  - bible-baptist-church-crystal-river[0]: http_403
  - bible-enrichment-fellowship-international-inglewood[0]: http_403
  - victory-fellowship-san-antonio[0]: http_403
  - mount-olive-baptist-church-waelder[0]: http_403
  - pinnacle-baptist-church-griffin[0]: http_403
  - first-baptist-church-lincoln-tampa[0]: http_403
  - rebecca-creek-baptist-church-spring-branch: no imageUrls
  - river-road-baptist-church-hilliard: no imageUrls
  - living-waters-of-chino-chino[0]: http_403
  - assembly-of-god-la-porte: no imageUrls
  - gulf-coast-assembly-of-god-np-north-port: no imageUrls
[loop] 2026-07-03 18:39:48 chunk 4 starting
Targets: 400 churches
maxImages=8, estimated Apify cost ~$4.00
Starting Apify compass~crawler-google-places for 385 place ids...
Run gESUpTozoOAt9xv2F, dataset GBNL24JuLbshSx4iR
Dataset items: 385
  fort-cooper-baptist-church-inverness: 1 photos
  cornerstone-baptist-church-jacksonville: 3 photos
  oakhurst-baptist-church-decatur: 4 photos
  lakeside-fellowship-church-vero-beach: 8 photos
  luminous-church: 8 photos
  church-of-god-by-faith-lake-wales: 8 photos
  first-baptist-church-liberty-city-kilgore: 1 photos
  fellowship-bible-church-longview: 8 photos
  calvary-pentecostal-church-richardson: 3 photos
  gemeinde-jeshua-essen: 8 photos
  faith-assembly-of-god-spring-valley: 8 photos
  union-baptist-church-griffin: 8 photos
  new-life-community-church-tyler: 8 photos
  central-community-christian-fellowship-riverside: 8 photos
  orange-hill-presbyterian-church-orange: 8 photos
  cedar-creek-bible-church-kemp: 8 photos
  bethel-church-of-god-ministries-margate: 8 photos
  new-salem-baptist-church-griffin: 4 photos
  faith-baptist-church-orlando: 8 photos
  beacon-baptist-church-melbourne: 8 photos
  west-end-baptist-church-san-antonio: 1 photos
  fr-eben-ezer: 4 photos
  wesleyan-church-orchard-park: 8 photos
  winter-park-presbyterian-church-winter-park: 8 photos
  first-baptist-church-of-coconut-creek-coconut-creek: 8 photos
  richland-hills-baptist-church-richland-hills: 8 photos
  river-of-life-assembly-of-god-merritt-island: 4 photos
  christian-church-of-san-angelo-san-angelo: 8 photos
  rock-bridge-baptist-church-norcross: 8 photos
  boyd-baptist-church-bonham: 8 photos
  trinity-baptist-church-calhoun: 4 photos
  covenant-christian-church-new-port-richey: 4 photos
  southside-baptist-church-kathleen: 8 photos
  bible-baptist-church-international-ontario: 1 photos
  sharpsburg-baptist-church-sharpsburg: 3 photos
  pine-terrace-baptist-church-milton: 8 photos
  first-calvary-baptist-church-brooklyn: 8 photos
  highland-baptist-church-arlington + highland-baptist-temple-highland: 3 photos
  hope-fellowship-church-daytona-beach: 5 photos
  primera-iglesia-bautista-hispana-de-palm-coast-palm-coast: 8 photos
  calvary-north-lumberton: 6 photos
  loch-haven-baptist-church-orlando: 8 photos
  mt-sinai-baptist-church-odessa: 2 photos
  east-baptist-church-tallahassee: 6 photos
  fort-worth-baptist-temple-fort-worth: 2 photos
  barabbas-road-church-san-diego: 3 photos
  river-of-life-christian-center-riverview: 8 photos
  loop-baptist-church-loop: 7 photos
  antioch-community-church-belton: 8 photos
  fr-eglise-evangelique-protestante-7: 3 photos
  new-beginning-church-of-god-buffalo: 1 photos
  first-pentecostal-church-daingerfield: 3 photos
  fundamentalist-baptist-tabernacle-los-angeles: 5 photos
  lighthouse-bible-baptist-webster: 7 photos
  jain-center-of-south-florida-weston: 8 photos
  victory-chapel-dallas-richardson: 8 photos
  hope-community-fellowship-titusville: 8 photos
  ukrainian-church-holy-family-lindenhurst: 8 photos
  belarusan-autocephalous-orthodox-church-st-cyril-s-of-turau-cathedral-brooklyn: 8 photos
  fellowship-baptist-church-pastor-s-office-beaumont: 8 photos
  first-baptist-church-chappell-hill-chappell-hill + church-routt-hill-baptist-chappell-hill: 8 photos
  first-missionary-baptist-church-lufkin: 2 photos
  cityrise-church-missouri-city-missouri-city: 7 photos
  mount-olive-baptist-church-dayton: 3 photos
  jeremiah-missionary-baptist-church-beaumont: 8 photos
  grace-hungarian-reformed-church-tarzana: 6 photos
  liberty-baptist-church-tyler: 8 photos
  truth-tabernacle-of-apopka-apopka + truth-church-apopka: 8 photos
  lighthouse-baptist-church-horseheads: 4 photos
  the-father-s-house-church-kissimmee: 8 photos
  friedens-church-seguin: 8 photos
  mandarin-baptist-church-alhambra: 3 photos
  pine-drive-community-church-dickinson: 8 photos
  liberty-baptist-church-liberty: 8 photos
  first-baptist-church-cordele: 8 photos
  fallbrook-first-baptist-church-fallbrook: 4 photos
  second-mission-baptist-church-corsicana: 1 photos
  baptist-church-emmanual-missionary-port-arthur: 8 photos
  antioch-baptist-church-corona: 8 photos
  st-john-s-baptist-church-new-york: 7 photos
  primera-iglesia-bautista-mission: 8 photos
  spirit-truth-christian-assmebly-oneonta: 6 photos
  calvary-temple-pentecostal-church-of-god-merced: 8 photos
  canaan-baptist-church-columbus: 8 photos
  church-of-god-sanctuary-of-praise-jacksonville: 8 photos
  new-beginnings-christian-church-tampa: 5 photos
  fr-eglise-evangelique-protestante-4: 3 photos
  harbor-light-foursquare-church-costa-mesa: 8 photos
  calvary-baptist-church-pensacola: 8 photos
  new-way-fellowship-baptist-church-miami-gardens: 8 photos
  greater-grace-church-miami-north-miami-beach: 8 photos
  sterling-wood-baptist-church-houston: 8 photos
  tabernacle-bapt-instnl-church-jacksonville: 1 photos
  family-church-tequesta-jupiter: 8 photos
  new-life-assembly-of-god-venice: 8 photos
  restoration-church-highlands: 8 photos
  prince-of-peace-moravian-church-miami-gardens: 8 photos
  grace-baptist-church-jacksonville: 2 photos
  living-water-church-riverhead: 8 photos
  evangelical-christian-church-disciples-of-christ-bronx: 8 photos
  living-christ-church-nyack: 4 photos
  first-baptist-church-memphis: 8 photos
  seventh-day-pentecostal-church-scottdale: 8 photos
  trail-of-life-cowboy-church-conroe: 2 photos
  church-of-god-christ-fort-worth: 8 photos
  tuscanooga-baptist-church-groveland: 3 photos
  assembly-of-god-dunedin-dunedin: 8 photos
  triumph-christian-ctr-la-marque: 3 photos
  lifesong-church-orlando: 3 photos
  thrive-church-freeville: 8 photos
  texas-city-missionary-baptist-texas-city: 2 photos
  quail-valley-baptist-church-missouri-city: 8 photos
  mission-trails-church-san-diego: 8 photos
  north-dixie-baptist-church-tyler: 2 photos
  harmony-baptist-church-lakeland: 4 photos
  calvary-chapel-tracy-tracy: 8 photos
  beth-el-shalom-saint-petersburg: 8 photos
  adventure-christian-church-sacramento: 8 photos
  second-baptist-church-huntsville: 8 photos
  cornerstone-baptist-church-mesquite: 8 photos
  sovereign-grace-church-pearland: 2 photos
  mt-horeb-baptist-church-orange-park: 6 photos
  monroe-church-of-god-monroe: 4 photos
  life-church-paris + a-new-life-church-in-christ-webster: 8 photos
  celebration-christian-center-livermore: 2 photos
  galilee-baptist-church-longview: 3 photos
  community-wesleyan-church-baldwinsville: 8 photos
  parkview-baptist-church-longview: 5 photos
  first-baptist-church-visalia-visalia: 8 photos
  new-beginnings-pentecostal-chr-brownwood: 4 photos
  mission-dorado-baptist-church-odessa: 7 photos
  bethel-family-worship-center-tulare: 8 photos
  fr-eglise-evangelique-tzigane-12: 4 photos
  cornerstone-christian-church-vero-beach: 8 photos
  rock-of-life-fellowship-chico: 8 photos
  new-testament-baptist-church-cape-coral: 6 photos
  alvin-missionary-baptist-church-alvin: 2 photos
  galilee-missionary-baptist-church-dallas: 1 photos
  first-baptist-church-moultrie: 3 photos
  full-gospel-church-of-island-park-island-park: 7 photos
  monastery-of-saint-dionysios-the-areopagite-saint-james: 8 photos
  grace-bible-church-naples-naples + grace-bible-church-naples: 7 photos
  fredonia-baptist-church-tatum: 8 photos
  first-baptist-church-olean: 7 photos
  highest-praise-apostolic-church-redlands: 8 photos
  atco-baptist-church-cartersville: 8 photos
  first-missionary-baptist-church-of-gainesville-gainesville: 5 photos
  north-pointe-church-copperas-cove: 1 photos
  first-baptist-church-williston-williston: 5 photos
  celestial-church-of-christ-north-atlanta-parish-smyrna: 8 photos
  parkwood-baptist-church-houston: 7 photos
  north-texas-district-assemblies-of-god-hurst: 8 photos
  meadowdale-baptist-church-calhoun: 8 photos
  christ-city-west-palm-beach: 8 photos
  emmanuel-baptist-church-milledgeville: 8 photos
  first-christian-church-beaumont: 8 photos
  church-of-the-nazarene-georgetown: 8 photos
  full-deliverance-baptist-church-florida-city-fl-florida-city: 8 photos
  peoples-ame-zion-church-syracuse: 8 photos
  first-baptist-church-deposit + first-baptist-church-herlong + first-baptist-church-of-trinidad-trinidad: 8 photos
  solid-rock-ame-zion-church-stonecrest + solid-rock-ame-zion-church-lithonia: 3 photos
  harmony-baptist-church-vidor: 8 photos
  first-baptist-church-mount-pleasant: 8 photos
  pentecostal-apostolic-fellowship-ministries-pompano-beach: 1 photos
  centerpoint-church-long-beach: 4 photos
  journey-fellowship-church-denton: 2 photos
  first-baptist-church-of-titusville-titusville: 8 photos
  faith-baptist-church-iowa-park: 4 photos
  vine-life-christian-fellowship-riverside: 3 photos
  first-church-of-god-fresno: 8 photos
  casa-view-assembly-of-god-dallas: 7 photos
  first-united-pentecostal-church-longview: 8 photos
  friendship-comm-unity-chur-edgewater: 3 photos
  calvary-baptist-church-san-angelo: 3 photos
  eben-ezer-dawsonville: 8 photos
  tahoe-forest-church-truckee: 8 photos
  conway-first-baptist-church-orlando: 8 photos
  providence-baptist-church-grand-ridge: 5 photos
  windsor-park-baptist-church-desoto: 8 photos
  reach-nazarene-church-warner-robins: 8 photos
  calvary-baptist-church-post: 8 photos
  east-athens-baptist-church-athens: 8 photos
  central-church-of-god-san-antonio: 8 photos
  first-baptist-church-newburgh: 8 photos
  la-senda-antigua-iglesia-pentecostal-south-gate: 8 photos
  st-matthews-baptist-church-new-york: 5 photos
  rccg-victory-house-dallas: 8 photos
  conyers-haitian-church-of-god-conyers: 8 photos
  calvary-chapel-azusa: 8 photos
  the-jamul-community-church-jamul: 8 photos
  greater-elizabeth-missionary-atlanta: 2 photos
  fcg-emmanuel-rottweil-neuer-weg: 4 photos
  grace-free-will-baptist-church-concord: 6 photos
  new-beginning-comm-baptist-church-houston: 7 photos
  first-baptist-church-of-christ-macon: 8 photos
  chapel-assembly-of-god-fort-worth: 8 photos
  first-baptist-church-newark: 8 photos
  morse-street-baptist-church-denton + morse-baptist-church-morse: 7 photos
  windsor-spring-baptist-church-hephzibah: 4 photos
  blessed-hope-baptist-church-canton: 3 photos
  mount-orange-baptist-church-texarkana: 8 photos
  friendswood-baptist-church-friendswood: 3 photos
  first-baptist-church-rio-linda-rio-linda: 8 photos
  church-of-pentecost-piwc-el-paso-assembly-el-paso: 5 photos
  trinity-church-of-god-trinity: 5 photos
  bibleway-bible-church-dallas: 8 photos
  oasis-of-faith-christian-center-hesperia: 2 photos
  japanese-christian-fellowship-network-irvine: 8 photos
  greater-central-baptist-church-new-york: 8 photos
  iglesia-bautista-sobre-la-roca-tampa: 3 photos
  calvary-assembly-milpitas: 8 photos
  messiah-baptist-church-wichita-falls: 3 photos
  bible-free-will-baptist-church-odessa: 8 photos
  fort-graham-baptist-church-whitney: 1 photos
  bethesda-full-gospel-tabernacle-tonawanda: 8 photos
  access-church-saint-johns: 8 photos
  fairview-baptist-church-sherman: 8 photos
  calvary-chapel-of-gridley-gridley: 8 photos
  branded-by-christ-cowboy-church-rusk: 7 photos
  river-of-life-assembly-estero-fl-estero: 8 photos
  corinth-baptist-church-social-circle: 8 photos
  mount-calvary-baptist-church-waco: 8 photos
  mount-carmel-baptist-church-houston: 5 photos
  heritage-baptist-church-albany: 6 photos
  new-shores-baptist-church-sweeny: 8 photos
  church-of-pentecost-of-dallas-garland: 6 photos
  first-baptist-church-somerville: 3 photos
  friendship-baptist-church-cartersville: 8 photos
  full-gospel-assembly-spring-hill: 8 photos
  greater-bethlehem-baptist-church-deland: 5 photos
  first-summit-evangelical-church-pasadena: 7 photos
  delmar-reformed-church-delmar: 8 photos
  south-lake-church-of-christ-clermont: 1 photos
  fannin-terrace-baptist-church-midland: 8 photos
  ferguson-avenue-baptist-church-savannah: 5 photos
  ocean-hills-covenant-church-santa-barbara: 5 photos
  missionary-christian-church-herald-of-salvation-church-douglasville: 8 photos
  iglesia-ni-cristo-bakersfield: 8 photos
  fleming-baptist-church-fleming: 3 photos
  galloway-avenue-baptist-church-mesquite: 8 photos
  friendship-baptist-church-ocala: 4 photos
  grace-baptist-church-midland: 4 photos
  first-pentecostal-church-of-bagdad-milton: 8 photos
  bridge-community-church-blackshear: 2 photos
  christ-church-apostolic-houston: 8 photos
  community-baptist-church-bunnell: 4 photos
  covenant-life-church-lawrenceville: 8 photos
  first-baptist-church-homosassa-homosassa: 8 photos
  cornerstone-bible-church-grand-prairie: 5 photos
  ellis-memorial-cogic-houston: 8 photos
  coastline-bible-church-ventura: 8 photos
  community-bible-church-san-diego: 1 photos
  first-baptist-church-omaha: 7 photos
  oakdale-family-church-of-the-nazarene-oakdale: 6 photos
  first-baptist-church-los-fresnos: 8 photos
  westside-baptist-church-augusta: 2 photos
  bread-of-life-assembly-of-god-middletown: 8 photos
  la-casa-church: 7 photos
  immanuel-baptist-church-temple: 8 photos
  church-of-the-nazarene-of-lake-worth-lake-worth: 8 photos
  pioneer-baptist-church-valley-view: 8 photos
  faith-outreach-church-oviedo: 8 photos
  christian-church-thousand-oaks-thousand-oaks: 8 photos
  first-baptist-church-waskom + westwood-baptist-church-waskom: 7 photos
  word-of-life-church-of-god-in-christ-macon: 8 photos
  christliche-gemeinde-int-christian-church-e-v: 8 photos
  spirit-of-life-apostolic-church-houston: 8 photos
  harmony-baptist-church-monroe: 4 photos
  western-hills-christian-church-san-antonio: 8 photos
  temple-baptist-church-morganton: 2 photos
  trinity-faith-pentecostal-church-of-god-bronx: 3 photos
  neighborhood-bible-church-san-jose: 8 photos
  woodlake-baptist-church-covington: 3 photos
  grace-christian-church-san-angelo-san-angelo: 8 photos
  international-central-gospel-church-bronx: 8 photos
  harvest-hill-baptist-church-san-antonio: 7 photos
  center-for-spiritual-living-granada-hills-granada-hills: 6 photos
  epic-church-lakeland: 5 photos
  amelia-plantation-chapel-fernandina-beach: 8 photos
  gambrell-street-baptist-church-fort-worth: 8 photos
  saint-louis-baptist-church-tyler: 6 photos
  calvary-apostolic-church-san-antonio: 2 photos
  first-baptist-church-at-summerfield + first-baptist-church-summerfield: 8 photos
  texas-city-foursquare-church-texas-city: 8 photos
  first-christian-church-houston: 7 photos
  new-life-baptist-church-miami-gardens: 3 photos
  brighton-heights-reformed-church-staten-island: 8 photos
  gateway-christian-center-kenneth-city: 8 photos
  friendship-baptist-church-beaumont: 2 photos
  first-wesleyan-church-brunswick: 8 photos
  mt-carmel-baptist-church-clearwater: 5 photos
  south-orlando-baptist-church-orlando: 5 photos
  new-piney-grove-baptist-church-macon: 5 photos
  baptist-primary-care-orange-park: 4 photos
  cedar-bay-baptist-church-jacksonville: 1 photos
  new-light-baptist-church-houston: 8 photos
  elwood-park-baptist-church-bradenton: 1 photos
  saint-hill-church-of-god-in-christ-fairfield: 8 photos
  new-providence-baptist-church-houston: 8 photos
  greater-victory-church-cogic-san-bernardino: 8 photos
  lafayette-church-of-god-la-fayette: 6 photos
  iglesia-bautista-getsemani-fort-worth: 8 photos
  grace-missionary-baptist-church-buna: 8 photos
  georgia-bible-camp-hahira: 8 photos
  community-christian-church-new-york: 8 photos
  life-s-oasis-melbourne: 8 photos
  calvary-missionary-baptist-church-houston: 8 photos
  new-testament-pentecostal-church-hallsville: 5 photos
  flint-church-of-the-nazarene-bullard: 3 photos
  foursquare-church-san-jose: 8 photos
  thoma-church-inc-epiphany-mar-ozone-park: 3 photos
  palomar-korean-church-san-marcos: 5 photos
  fr-assemblee-de-dieu-de-chartres-mainvilliers: 6 photos
  contra-costa-gospel-church-walnut-creek: 7 photos
  white-eagle-lodge-montgomery: 8 photos
  fr-one-heart-paris: 8 photos
  pentecostal-church-of-god-ivanhoe: 8 photos
  anchor-of-hope-baptist-church-rossville: 5 photos
  st-john-the-baptist-ukrainian-catholic-church-syracuse: 8 photos
  st-john-cathedral-tampa: 8 photos
  first-haitian-baptist-church-of-north-dade-inc-miami: 8 photos
  new-life-christian-church-hogansburg: 2 photos
  victory-way-christian-center-jacksonville: 8 photos
  mt-zion-baptist-church-dalton: 6 photos
  iglesia-bautista-victoria-fort-worth: 3 photos
  fellowship-bible-church-new-braunfels-new-braunfels + fellowship-bible-church-new-braunfels: 6 photos
  bethel-baptist-church-bradenton: 8 photos
  new-braunfels-church-of-the-nazarene-new-braunfels: 8 photos
  the-church-at-meadow-creek-a-baptist-fellowship-bedford: 7 photos
  first-missionary-baptist-church-littlerock: 8 photos
  discovery-church-nazarene-livermore: 4 photos

Done. 343 churches updated, 2063 photos mirrored to R2.
Raw archive: /Users/dpr/Code/Projekt/gospelmigration/data/places-raw/photos-run-2026-07-03.jsonl
Failures (188):
  - calvary-baptist-church-odessa: no imageUrls
  - fr-armee-du-salut-3[0]: http_403
  - madison-street-baptist-church-starke[0]: http_403
  - trinity-baptist-church-milton[0]: http_403
  - christ-alive-christian-center-bronx[0]: http_403
  - duval-station-baptist-church-jacksonville[0]: http_403
  - revival-center-church-of-god-onalaska[0]: http_403
  - canaan-baptist-church-gainesville[0]: http_403
  - mt-moriah-baptist-church-inc-miami[0]: http_403
  - el-bethel-baptist-church-houston[0]: http_403
  - first-baptist-sweetwater-orlando: no imageUrls
  - st-johns-missionary-baptist-church-tallahassee[0]: http_403
  - victorious-life-church-spring-hill[0]: http_403
  - hoosic-valley-community-church-schaghticoke[0]: http_403
  - fort-cooper-baptist-church-inverness[1]: http_403
[loop] 2026-07-03 18:54:56 chunk 5 starting
Targets: 400 churches
maxImages=8, estimated Apify cost ~$4.00
Starting Apify compass~crawler-google-places for 383 place ids...
Run Of3ffaBOF8u12Egbs, dataset UVl9EhaSjWRKn5IO4
Dataset items: 383
  greater-zion-missionary-baptist-church-waco: 2 photos
  first-baptist-chr-multi-clyde: 3 photos
  gateway-church-columbus: 7 photos
  iglesia-bautista-fundamental-escondido: 8 photos
  st-stephens-baptist-church-san-antonio: 8 photos
  victory-in-jesus-apple-valley: 3 photos
  unity-baptist-church-sylvester: 8 photos
  river-valley-christian-fellowship-yuba-city: 8 photos
  ministerio-pentecostal-odres-nuevos-beaumont: 8 photos
  christian-worship-center-milpitas: 8 photos
  rocky-springs-missionary-baptist-church-grand-prairie: 4 photos
  valley-gate-church: 8 photos
  south-valley-community-church-hollister: 8 photos
  lutheran-church-of-our-savior-cupertino: 8 photos
  church-assembly-of-westminster-westminster: 8 photos
  la-jolla-christian-fellowship-la-jolla: 6 photos
  trinity-baptist-church-austin: 1 photos
  grace-brethren-church-ripon: 2 photos
  iglesia-bautista-manantial-de-miami: 8 photos
  village-church-saint-augustine: 8 photos
  grace-independent-baptist-church-league-city: 5 photos
  sierra-norwood-calvary-baptist-miami: 8 photos
  true-jesus-church-in-southern-california-baldwin-park: 8 photos
  fr-eglise-evangelique-tzigane-76: 3 photos
  journey-church-deltona: 8 photos
  victor-community-church-victor: 7 photos
  greater-augusta-apostolic-church-grovetown: 2 photos
  church-of-haile-selassie-inc-brooklyn: 8 photos
  central-baptist-church-mansfield: 8 photos
  first-baptist-church-south-daytona-south-daytona + first-baptist-church-of-south-daytona-south-daytona: 8 photos
  solid-rock-missionary-baptist-church-california-city: 8 photos
  nicholson-baptist-church-nicholson: 1 photos
  christ-apostolic-church-of-god-brooklyn: 8 photos
  mt-zion-baptist-church-texas-city: 5 photos
  good-shepherd-christian-church-tulia: 1 photos
  lakeview-assembly-of-god-kemp: 8 photos
  first-united-pentecostal-church-orange: 7 photos
  first-baptist-church-of-port-orange-port-orange + first-baptist-church-port-orange-port-orange: 8 photos
  st-stephen-s-anglican-catholic-church-athens: 8 photos
  journey-christian-church-roswell: 2 photos
  new-bethel-missionary-baptist-church-lake-city: 8 photos
  southern-baptist-church-rhome: 8 photos
  timothy-baptist-church-chatfield: 5 photos
  first-wichita-falls: 4 photos
  first-macedonia-mb-church-punta-gorda: 8 photos
  evergreen-missionary-baptist-ch-nash: 8 photos
  crossview-baptist-church-marietta: 5 photos
  yellow-river-baptist-church-lilburn: 1 photos
  grace-baptist-church-salado: 8 photos
  greater-hopewell-baptist-church-ocala: 8 photos
  walker-baptist-church-monroe: 6 photos
  journey-evangelical-church-westminster: 8 photos
  everlasting-life-church-of-god-eustis: 8 photos
  community-alliance-church-ballston-spa: 8 photos
  the-congregational-church-summerfield: 1 photos
  beaumont-s-first-baptist-church-beaumont: 8 photos
  prosperity-ave-baptist-church-tulare: 8 photos
  first-christian-church-torrance: 8 photos
  st-nicholas-ukrainian-catholic-church-watervliet: 8 photos
  southside-church-of-christ-valdosta: 8 photos
  hesperia-church-of-the-nazarene-hesperia: 8 photos
  city-of-refuge-church-lakeland: 2 photos
  adi-catania-santa-maria-goretti: 3 photos
  corinth-baptist-church-austin: 8 photos
  central-baptist-church-whitesboro: 5 photos
  new-covenant-baptist-church-of-orlando-orlando + new-covenant-church-orlando: 8 photos
  woodlawn-baptist-church-denison: 6 photos
  michigan-street-baptist-church-buffalo: 8 photos
  brand-new-life-christian-center-orange: 7 photos
  living-waters-christian-fellowship-fountain-valley: 8 photos
  fr-eglise-evangelique-tzigane-36: 7 photos
  christian-fellowship-church-queen-city: 1 photos
  feg-slawisch-trier-grundungsgemeinde: 5 photos
  stonebrooke-church-vista: 8 photos
  westway-baptist-church-houston: 8 photos
  community-bible-church-dallas: 6 photos
  trinity-baptist-church-wills-point: 3 photos
  calvary-baptist-church-lompoc: 8 photos
  bethany-baptist-church-new-york: 2 photos
  second-baptist-church-lagrange: 1 photos
  horizon-christian-fellowship-stockton: 8 photos
  faith-baptist-church-coram: 1 photos
  the-lakeside-church-four-corners-campus-clermont: 7 photos
  restoration-baptist-church-jacksonville: 8 photos
  media-city-church-burbank: 7 photos
  southside-baptist-church-palatka: 8 photos
  emmaus-church-winter-garden-oakland: 8 photos
  calvary-chapel-south-lake-tahoe: 3 photos
  massapequa-full-gospel-tabernacle-massapequa: 3 photos
  metropolitan-baptist-brooklyn: 8 photos
  parkview-baptist-church-gainesville: 2 photos
  peoples-baptist-church-newfield-hamlet: 2 photos
  christ-the-king-baptist-waco: 6 photos
  crossroads-church-athens: 1 photos
  redemption-church-center-watervliet + redemption-church-of-christ-of-the-apostolic-faith-watervliet: 4 photos
  woodlake-baptist-church-carrollton: 8 photos
  mapleview-baptist-church-lakeside: 2 photos
  magnolia-creek-baptist-church-league-city: 5 photos
  life-church-monrovia: 8 photos
  covenant-missionary-baptist-church-lancaster: 8 photos
  first-baptist-church-trenton + first-baptist-church-of-trenton-trenton: 8 photos
  christian-heritage-church-winter-haven: 4 photos
  templo-la-roca-firme-riverside: 5 photos
  catholic-church-of-the-resurrection-smithtown: 8 photos
  first-progressive-baptist-church-lubbock: 2 photos
  ennis-mt-zion-church-ennis: 2 photos
  hill-country-nazarene-church-cedar-park: 8 photos
  calvary-chapel-fallbrook-fallbrook: 8 photos
  azle-christian-church-azle: 8 photos
  greater-apostolic-church-balch-springs: 7 photos
  sehion-mar-thoma-church-plano: 8 photos
  kinney-avenue-christian-fellowship-austin: 8 photos
  bethel-baptist-church-troy: 3 photos
  paradise-pentecostal-church-of-god-paradise: 4 photos
  st-paul-baptist-church-middletown: 3 photos
  immanuel-church-of-southern-ca-whittier: 8 photos
  mt-zion-baptist-church-hockley: 6 photos
  rio-life-community-church-mercedes: 8 photos
  first-baptist-church-hamburg: 3 photos
  agape-church-of-god-fort-lauderdale: 3 photos
  halcyon-baptist-church-san-leandro: 8 photos
  fellowship-bible-church-san-antonio: 7 photos
  chinese-christian-alliance-church-tampa: 8 photos
  touchstone-christian-fellowship-sacramento: 8 photos
  the-potter-s-house-christian-fellowship-church-rochester: 8 photos
  fort-lauderdale-baptist-church-oakland-park: 8 photos
  stuart-congregational-church-stuart: 6 photos
  first-church-of-the-nazarene-baytown: 8 photos
  new-life-christian-center-sutter-creek: 8 photos
  destiny-worship-center-ministries-augusta: 3 photos
  fr-mission-chretienne-espoir: 1 photos
  first-united-pentecostal-onalaska: 2 photos
  assembly-of-god-first-of-rialto-rialto: 8 photos
  northrich-baptist-church-richardson + northrich-church-richardson: 4 photos
  galilee-church-of-god-in-christ-riverhead: 8 photos
  grace-fellowship-douglasville: 5 photos
  mariner-s-community-church-half-moon-bay: 5 photos
  southside-tabernacle-baptist-saint-petersburg: 4 photos
  iglesia-en-pompano-pompano-beach: 8 photos
  gateway-baptist-church-valdosta: 8 photos
  shepherd-of-the-heart-church-pearland: 7 photos
  pooler-first-baptist-church-pooler: 8 photos
  first-baptist-church-of-combes-harlingen: 2 photos
  fr-eglise-evangelique-tzigane-71: 7 photos
  beth-yeshua-congregation-fort-worth: 5 photos
  crosspointe-christian-church-waco: 8 photos
  bluebird-haven-estate-madisonville: 8 photos
  first-baptist-church-cedar-key: 8 photos
  the-journey-church-modesto: 6 photos
  first-united-pentecostal-gladewater: 4 photos
  palatka-baptist-temple-palatka + first-baptist-church-of-palatka-palatka: 8 photos
  crosspoint-church-santa-rosa-beach: 8 photos
  fellowship-bible-church-jacksonville: 3 photos
  paris-first-church-of-the-nazarene-paris: 3 photos
  mountain-chapel-weaverville: 3 photos
  first-evangelical-church-robinson: 8 photos
  fellowship-christian-center-ch-plano: 8 photos
  sunrise-baptist-church-lawrenceville: 8 photos
  first-baptist-little-river-little-river-academy: 3 photos
  liberty-baptist-church-houston: 7 photos
  st-anns-church-bovina: 4 photos
  first-baptist-church-san-angelo: 8 photos
  dellview-baptist-church-san-antonio: 3 photos
  family-of-god-baptist-church-panama-city: 6 photos
  port-salerno-church-of-god-stuart: 6 photos
  church-of-god-andrews: 6 photos
  gateway-church-agoura-hills: 6 photos
  thankful-baptist-church-of-kennesaw-kennesaw: 4 photos
  new-covenant-church-of-columbus-ga-columbus: 8 photos
  hope-church-woodstock: 8 photos
  meadowbrook-baptist-church-robinson: 8 photos
  harmony-baptist-church-arlington: 8 photos
  bible-based-church-tallahassee: 5 photos
  bethany-baptist-church-of-fort-lauderdale-fort-lauderdale: 8 photos
  south-union-baptist-church-daingerfield: 4 photos
  chicopee-baptist-church-gainesville: 8 photos
  bethel-grace-baptist-church-bellflower: 6 photos
  river-of-life-church-coral-springs: 8 photos
  covina-evangelical-free-church-covina: 1 photos
  heritage-baptist-church-new-york: 7 photos
  gospel-water-branch-baptist-church-evans: 5 photos
  first-assembly-of-god-waycross: 5 photos
  first-baptist-church-westwood-lk-miami: 3 photos
  iglesia-transformando-al-mundo-valrico: 8 photos
  zion-hope-baptist-church-jacksonville: 8 photos
  lake-avenue-baptist-church-rochester: 8 photos
  cornerstone-baptist-church-panama-city-beach: 8 photos
  new-hope-baptist-church-stafford: 1 photos
  everyday-church-arroyo-grande: 8 photos
  pacific-coast-slavic-baptist-association-west-sacramento: 2 photos
  first-baptist-church-del-rey + first-baptist-church-prayer-line-winnsboro: 8 photos
  wilborn-temple-first-church-of-god-in-christ-albany: 8 photos
  park-avenue-christian-church-new-york: 8 photos
  mt-zion-baptist-church-hill-shepherd: 8 photos
  irvine-community-church-irvine: 6 photos
  first-baptist-church-cottondale: 1 photos
  second-baptist-church-buffalo: 3 photos
  faith-church-united-brethren-port-orange: 5 photos
  living-word-chapel-west-hurley: 8 photos
  the-vineyard-church-kingwood: 8 photos
  maranatha-baptist-church-mcallen: 2 photos
  new-life-assembly-of-god-elmira: 4 photos
  chisholm-trail-baptist-church-rhome: 2 photos
  assembly-of-god-perrin: 2 photos
  faith-baptist-church-titusville: 4 photos
  bald-rock-baptist-church-conyers: 8 photos
  seaside-baptist-church-galveston: 8 photos
  santa-fe-christian-church-santa-fe: 8 photos
  calvary-first-baptist-church-mesquite: 8 photos
  bethel-bible-fellowship-carrollton: 8 photos
  first-baptist-church-of-memphis-camillus: 8 photos
  seventh-james-baptist-church-waco: 8 photos
  bethany-christian-church-carrollton: 6 photos
  new-life-church-of-god-macclenny: 1 photos
  faith-chapel-mentone: 8 photos
  iglesia-cristiana-pentecostes-en-newburgh-del-movimiento-misionero-mundial-newbu: 8 photos
  st-marks-missionary-baptist-church-mckinney: 5 photos
  metro-assembly-los-angeles-inc-los-angeles: 4 photos
  first-baptist-church-burkburnett: 7 photos
  la-feria-christian-ctr-la-feria: 4 photos
  first-baptist-church-dublin: 1 photos
  golden-valley-baptist-church-madera: 5 photos
  greater-calvary-bible-church-austin: 4 photos
  first-lockhart-baptist-church-lockhart: 8 photos
  mount-zion-baptist-church-houston: 1 photos
  north-county-baptist-church-san-marcos: 3 photos
  new-boggy-baptist-church-waskom: 6 photos
  port-orange-church-of-the-nazarene-port-orange: 8 photos
  first-baptist-church-mineola: 8 photos
  beech-creek-assembly-of-god-livingston: 7 photos
  fr-eglise-evangelique-29 + fr-eglise-evangelique-de-nice: 3 photos
  iglesia-rios-de-agua-viva-moreno-valley: 8 photos
  iglesia-bautista-hispana-los-angeles: 6 photos
  bible-church-port-washington-port-washington: 8 photos
  new-jerusalem-baptist-church-mckinney: 6 photos
  bible-baptist-church-of-cathedral-city-cathedral-city: 8 photos
  central-baptist-church-palm-coast: 2 photos
  spiritsong-church-cohss-wilton-manors: 8 photos
  first-baptist-church-bay-shore: 7 photos
  simi-valley-community-church-simi-valley: 8 photos
  eternal-word-of-life-hialeah: 8 photos
  first-assembly-of-god-of-bakersfield-bakersfield + assembly-of-god-ojai + first-assembly-of-god-church-elkhart + first-assembly-of-god-church-clearwater: 8 photos
  linwood-baptist-church-la-fayette: 1 photos
  united-baptist-church-elmira: 8 photos
  mount-pleasant-baptist-church-albany: 8 photos
  emanuel-baptist-church-elmont: 3 photos
  templo-bautista-de-south-hstn-south-houston: 7 photos
  schomburg-road-baptist-church-columbus: 4 photos
  trinity-worship-center-corpus-christi: 8 photos
  bowdon-baptist-church-bowdon: 6 photos
  plaza-bible-church-orange: 8 photos
  mt-calvary-baptist-church-rome: 3 photos
  lake-view-bible-church-san-angelo: 8 photos
  lakeshore-drive-baptist-church-hudson-oaks: 8 photos
  your-city-church-altamonte-springs: 7 photos
  haitian-evangelical-baptist-church-pompano-beach: 8 photos
  true-light-church-cutchogue: 6 photos
  shepherd-of-the-hills-church-laguna-niguel: 8 photos
  lewiston-assembly-of-god-lewiston: 3 photos
  emmanuel-friedens-church-schenectady: 1 photos
  liberty-baptist-church-and-academy-fort-pierce: 3 photos
  good-tidings-gospel-chapel-brooklyn: 8 photos
  first-baptist-church-of-scotia-schenectady: 8 photos
  lake-athens-baptist-church-athens: 4 photos
  hoboken-baptist-church-hoboken: 2 photos
  first-christian-church-paris: 6 photos
  berean-baptist-church-oakland-park: 8 photos
  calvary-chapel-paso-robles-paso-robles: 8 photos
  lockhart-baptist-church-orlando: 8 photos
  metropolitan-christian-church-grand-prairie: 6 photos
  homestead-church-of-the-nazarene-homestead: 8 photos
  the-crossing-community-church-belmont: 1 photos
  redeemer-church-midland: 8 photos
  hanmaum-international-baptist-church-fort-worth: 8 photos
  first-baptist-church-mims: 6 photos
  solid-rock-bible-church-ocklawaha: 2 photos
  linda-vista-second-baptist-church-san-diego: 8 photos
  epic-life-new-braunfels: 3 photos
  first-tabernacle-fellowship-sacramento: 2 photos
  southside-baptist-church-nahunta: 8 photos
  gateway-christian-ctr-corpus-christi: 3 photos
  chinese-bible-mission-church-of-la-alhambra: 8 photos
  ark-of-salvation-church-of-the-assemblies-of-god-north-highlands: 8 photos
  first-baptist-church-of-monterey-monterey: 8 photos
  agape-baptist-church-san-antonio: 8 photos
  berean-church-of-god-fort-lauderdale: 4 photos
  grace-baptist-church-crawfordville: 2 photos
  apostolic-assembly-of-the-faith-in-christ-jesus-inc-national-city: 8 photos
  assembly-of-god-spicewood + assembly-of-god-sarasota: 8 photos
  church-of-god-of-samoset-bradenton: 8 photos
  apostolic-temple-aransas-pass: 6 photos
  first-baptist-church-walnut: 8 photos
  1st-church-of-the-nazarene-belton: 8 photos
  one-lord-one-faith-one-baptism-church-jacksonville: 8 photos
  new-covenant-christian-ministries-covington: 1 photos
  st-stephens-baptist-church-austin: 2 photos
  christian-faith-center-middleburg: 1 photos
  st-mary-s-primative-baptist-church-punta-gorda: 8 photos
  double-r-cowboy-church-clarksville: 2 photos
  new-morning-light-baptist-church-conley: 5 photos
  emmanuel-baptist-church-fort-myers: 5 photos
  current-church-fresno: 8 photos
  electric-city-baptist-church-schenectady: 5 photos
  bethesda-baptist-church-burleson: 1 photos
  bethel-bible-church-hope-campus-tyler: 8 photos
  franklin-church-of-god-franklin: 1 photos
  redeeming-love-gospel-church-troy: 8 photos
  new-testament-christian-church-el-paso: 8 photos
  good-hope-baptist-church-round-rock: 3 photos
  centralhatchee-first-baptist-church-franklin: 8 photos
  jefferson-avenue-baptist-church-east-point: 8 photos
  mt-tabor-baptist-church-duluth + mt-tabor-baptist-church-peachtree-corners: 8 photos

Done. 326 churches updated, 1849 photos mirrored to R2.
Raw archive: /Users/dpr/Code/Projekt/gospelmigration/data/places-raw/photos-run-2026-07-03.jsonl
Failures (217):
  - glyndale-baptist-church-brunswick[0]: http_403
  - st-john-baptist-church-wichita-falls[0]: http_403
  - first-baptist-chr-multi-clyde[3]: http_403
  - victory-in-jesus-apple-valley[3]: http_403
  - rocky-springs-missionary-baptist-church-grand-prairie[4]: http_403
  - new-home-baptist-church-sacramento[0]: http_403
  - la-jolla-christian-fellowship-la-jolla[6]: http_403
  - trinity-baptist-church-austin[1]: http_403
  - grace-brethren-church-ripon[2]: http_403
  - living-waters-of-chino-chino[0]: http_403
  - bible-enrichment-fellowship-international-inglewood[0]: http_403
  - emmanuel-baptist-church-pittsburg: no imageUrls
  - park-avenue-missionary-baptist-riverside[0]: http_403
  - victory-fellowship-san-antonio[0]: http_403
  - liberty-baptist-church-san-antonio: no imageUrls
[loop] 2026-07-03 19:09:02 chunk 6 starting
Targets: 400 churches
maxImages=8, estimated Apify cost ~$4.00
Starting Apify compass~crawler-google-places for 381 place ids...
Run TQuiRgMDclLDeyZ6Z, dataset qVcNxTosNcXbggG7a
Dataset items: 381
  northside-baptist-church-texas-city: 1 photos
  new-home-baptist-church-sacramento: 1 photos
  zion-hill-baptist-church-rodeo: 2 photos
  stonebridge-community-church-simi-valley: 3 photos
  mccombs-baptist-church-el-paso: 4 photos
  many-peoples-mennonite-fellowship-balch-springs: 4 photos
  st-stephens-missionary-baptist-church-austin: 2 photos
  trinity-baptist-church-cameron: 8 photos
  mt-carmel-baptist-church-whitehouse: 3 photos
  leander-first-assembly-of-god-leander + flatwoods-assembly-of-god-church-ben-wheeler + first-assembly-of-god-of-whittier-whittier + assembly-of-god-church-caldwell + first-assembly-of-god-church-spur + first-assembly-of-god-church-dripping-springs + first-assembly-of-god-church-cayuga: 8 photos
  harvest-fellowship-church-jasper: 5 photos
  providence-baptist-church-san-angelo: 1 photos
  st-james-missionary-baptist-church-bryan + st-james-church-bryan: 8 photos
  bayview-baptist-church-san-pedro: 1 photos
  brawley-assembly-of-god-church-brawley: 2 photos
  horizon-baptist-church-west-palm-beach: 4 photos
  church-of-god-evangel-lake-city: 6 photos
  jefferson-avenue-baptist-church-atlanta: 8 photos
  new-image-christian-center-tallahassee: 2 photos
  turning-point-baptist-church-mulberry: 3 photos
  bellview-baptist-church-pensacola: 2 photos
  christ-church-of-india-san-jose: 6 photos
  living-oaks-ministries-church-of-god-west-palm-beach: 8 photos
  silicon-valley-alliance-church-newark: 1 photos
  safe-harbor-reformed-church-fort-myers: 2 photos
  chocolate-bayou-cowboy-church-alvin: 8 photos
  church-on-the-rock-north-carrollton: 3 photos
  church-of-god-of-prophecy-sunrise: 7 photos
  sherman-oaks-evangelical-lutheran-c-sherman-oaks: 8 photos
  eagle-s-landing-first-baptist-church-of-griffin-griffin: 8 photos
  this-rock-baptist-church-north-richland-hills: 8 photos
  cornerstone-bible-church-southlake: 6 photos
  siloam-fellowship-frewsburg: 2 photos
  first-baptist-church-silverton: 7 photos
  centro-cristiano-roca-eterna-humble: 8 photos
  family-of-faith-church-of-the-nazarene-waco: 1 photos
  west-valley-baptist-church-woodland: 8 photos
  providence-baptist-church-lecanto: 8 photos
  first-baptist-church-of-el-centro-el-centro: 7 photos
  first-spanish-baptist-church-of-bay-shore-bay-shore: 7 photos
  shiloh-assembly-of-god-petersburg: 4 photos
  capri-christian-church-naples: 8 photos
  tunnel-hill-first-baptist-church-tunnel-hill: 3 photos
  providence-presbyterian-church-pca-lubbock: 8 photos
  antioch-baptist-church-willis: 8 photos
  new-st-james-baptist-church-seguin: 6 photos
  eastside-baptist-church-marianna: 5 photos
  joy-fellowship-church-bronx: 8 photos
  bible-baptist-church-miami: 3 photos
  greater-davis-chapel-garland: 8 photos
  first-baptist-church-of-port-crane-port-crane: 1 photos
  gean-baptist-unade-spring-valley: 5 photos
  st-petersburg-mcc-pinellas-park: 8 photos
  christian-life-assembly-of-god-carrollton + assembly-of-god-church-breckenridge: 8 photos
  the-sanctuary-church-lakeland: 3 photos
  gainesville-baptist-church-gainesville: 6 photos
  apostolic-connection-texarkana: 3 photos
  grace-baptist-church-deltona: 2 photos
  riverside-korean-baptist-church-riverside: 8 photos
  living-water-family-church-amarillo: 5 photos
  first-baptist-church-chatsworth: 3 photos
  first-baptist-church-blountstown: 1 photos
  fellowship-baptist-church-ocala: 8 photos
  the-door-christian-fellow-amarillo: 3 photos
  grace-covenant-baptist-church-porter: 8 photos
  vida-margate: 8 photos
  first-baptist-church-of-wilson-wilson: 2 photos
  community-bible-church-folsom: 4 photos
  church-of-the-nazarene-burleson: 8 photos
  louisville-church-of-god-louisville: 8 photos
  calvary-church-of-pacific-palisades-pacific-palisades: 8 photos
  university-baptist-church-tampa: 2 photos
  grace-bible-church-honolulu: 8 photos
  sequoia-baptist-church-visalia: 8 photos
  ash-street-baptist-church-abilene: 8 photos
  fr-eglise-de-la-grace: 1 photos
  pleasant-hill-church-of-god-in-christ-longview: 1 photos
  buchanan-first-baptist-church-texarkana: 8 photos
  church-of-god-college-park-big-spring: 4 photos
  foothill-church-grass-valley: 5 photos
  huntington-assembly-of-god-huntington-station: 8 photos
  first-christian-church-selma: 8 photos
  antioch-missionary-baptist-church-of-marlin-marlin: 1 photos
  first-congregational-church-riverhead: 1 photos
  corner-stone-church-jefferson: 2 photos
  maranatha-ministries-schenectady: 5 photos
  equation-church-san-diego-san-diego: 8 photos
  emmanuel-baptist-church-dallas: 6 photos
  north-calvary-church-fresno: 3 photos
  faith-baptist-church-palmhurst: 6 photos
  poplar-springs-baptist-church-hiram: 8 photos
  faith-bible-church-cobleskill: 2 photos
  julington-baptist-church-jacksonville: 1 photos
  hebron-fellowship-baptist-church-byron: 1 photos
  iglesia-nueva-vida-plainview: 6 photos
  mt-pilgrim-baptist-church-albany: 4 photos
  adi-vibo-valentia: 8 photos
  abundant-life-fellowship-ocala: 8 photos
  church-of-god-of-prophecy-hoschton: 2 photos
  adi-albenga: 1 photos
  church-of-the-nazarene-longview: 8 photos
  enon-baptist-church-chester: 8 photos
  crosswinds-christian-macon: 8 photos
  st-john-s-ukrainian-orthodox-church-johnson-city: 7 photos
  connecting-point-church-mcdonough: 8 photos
  dinuba-christian-church-dinuba: 8 photos
  christ-church-conroe: 2 photos
  tyngsjo-baptistforsamling: 8 photos
  ministerios-tesoros-escondidos-fontana: 8 photos
  glad-tidings-assembly-of-god-texas-city: 4 photos
  marlboro-heights-missionary-killeen: 1 photos
  better-way-apostolic-church-arlington: 4 photos
  lula-assembly-of-praise-lula: 3 photos
  southport-christian-center-national-city: 2 photos
  first-baptist-church-of-lake-park-lake-park: 1 photos
  boon-church-of-oversea-chinese-mission-flushing: 7 photos
  iglesia-fuente-de-salvacion-pasadena: 2 photos
  grace-baptist-church-gainesville: 8 photos
  sand-hill-baptist-pastorium-guyton: 8 photos
  emmanuel-baptist-church-leesburg: 8 photos
  security-first-baptist-church-cleveland: 8 photos
  rochester-chinese-christian-penfield: 8 photos
  hopewell-valley-baptist-church-tyler: 3 photos
  aletheia-church-providence: 8 photos
  new-beginnings-missionary-baptist-church-brenham: 3 photos
  calvary-baptist-church-killeen: 8 photos
  bible-baptist-church-saint-augustine: 3 photos
  fort-mott-baptist-church-bronx: 1 photos
  bible-baptist-church-sylmar: 4 photos
  oak-grove-baptist-church-china-spring: 8 photos
  morning-star-baptist-church-beaumont: 3 photos
  old-first-orange-baptist-church-orange: 3 photos
  faith-bible-tabernacle-center-rochester: 3 photos
  fellowship-of-love-community-church-of-god-and-christ-savannah: 1 photos
  first-deliverance-church-miami: 5 photos
  new-heart-community-church-tracy: 2 photos
  community-bible-chapel-cooperstown: 2 photos
  centerpoint-church-brunswick: 8 photos
  mckinney-full-gospel-holy-temple-church-mckinney: 8 photos
  st-paul-baptist-church-longview: 8 photos
  bethel-christian-church-massapequa: 3 photos
  calvary-chapel-of-crompond: 8 photos
  oak-park-christian-church-grover-beach: 7 photos
  new-beginnings-christian-center-coram: 1 photos
  mt-pleasant-baptist-church-fresno: 4 photos
  cedar-grove-baptist-church-comer: 3 photos
  life-church-tyler: 8 photos
  cathedral-of-faith-san-antonio: 1 photos
  one-in-christ-ministries-inc-clermont: 1 photos
  winter-haven-first-church-of-the-nazarene-winter-haven: 8 photos
  holy-tabernacle-of-god-missionary-baptist-church-los-angeles: 8 photos
  grace-fellowship-church-flint: 5 photos
  every-nation-church-seattle: 8 photos
  willow-grove-baptist-church-dallas: 8 photos
  lifequest-church-palm-city: 3 photos
  auburn-first-baptist-church-auburn: 8 photos
  life-church-horizon-west-winter-garden: 8 photos
  jerusalem-church-god-by-faith-gainesville: 3 photos
  temple-baptist-church-dalton: 8 photos
  calvary-chapel-of-ventura-ventura + calvary-christian-fellowship-ventura: 2 photos
  safe-harbor-church-of-god-eastanollee: 3 photos
  new-dawn-community-church-coral-springs: 8 photos
  open-door-apostolic-church-fort-pierce + open-door-apostolic-church-port-saint-lucie: 1 photos
  first-baptist-church-mexico: 2 photos
  life-in-the-son-guam: 8 photos
  pelham-bay-assembly-of-god-bronx + assembly-of-christian-churches-bronx: 5 photos
  east-cobb-church-of-christ-marietta: 8 photos
  new-life-assembly-of-god-bridge-city: 8 photos
  church-of-christ-terrell: 8 photos
  rio-vista-community-church-fort-lauderdale: 8 photos
  north-avenue-baptist-church-lompoc: 1 photos
  deliverance-tabernacle-pasadena: 8 photos
  st-paul-baptist-church-houston: 2 photos
  independence-baptist-church-brenham: 8 photos
  stubbs-chapel-macon: 8 photos
  clearfork-baptist-church-hawley: 8 photos
  lake-land-missionary-baptist-church-humble: 3 photos
  calvary-baptist-church-bohemia: 8 photos
  grace-community-bible-church-tomball: 8 photos
  full-gospel-assembly-ca-caruthers: 4 photos
  life-tabernacle-clear-lake-league-city: 8 photos
  bennett-chapel-missionary-baptist-church-shelbyville: 2 photos
  friendship-baptist-church-cumming-cumming: 7 photos
  calvary-chapel-northwest-kennesaw: 8 photos
  cali-life-church-santa-maria: 8 photos
  bible-baptist-church-clyde: 2 photos
  friendly-will-baptist-church-georgetown: 7 photos
  st-luke-missionary-baptist-church-hinesville: 7 photos
  living-word-church-navarre: 3 photos
  south-ocala-baptist-church-ocala: 7 photos
  springfield-gardens-church-jamaica: 2 photos
  truth-baptist-church-jacksonville: 2 photos
  faith-baptist-church-jefferson: 8 photos
  timber-crest-baptist-church-waco: 8 photos
  the-crossing-baptist-church-mesquite + faith-crossing-church-mesquite: 5 photos
  east-side-baptist-church-comanche: 2 photos
  immanuel-prayer-house-belton: 8 photos
  new-bethel-baptist-church-carnesville: 3 photos
  live-oak-first-baptist-church-live-oak: 8 photos
  new-life-church-of-god-brenham: 3 photos
  miami-beach-baptist-church-miami-beach: 8 photos
  dripping-springs-presbyterian-church-dripping-springs: 6 photos
  thankful-baptist-church-athens + thankful-baptist-church-winterville: 1 photos
  pine-valley-baptist-sbc-houston: 1 photos
  archibald-ranch-community-ontario: 2 photos
  medina-valley-assembly-of-god-castroville: 1 photos
  first-baptist-church-splendora: 7 photos
  second-mt-carmel-baptist-church-richmond: 7 photos
  pinecrest-baptist-church-cordele: 8 photos
  mission-road-church-of-god-in-christ-oviedo: 8 photos
  adi-catania-picanello: 1 photos
  mt-lassen-assembly-of-god-camp-mineral: 8 photos
  providence-missionary-baptist-church-thomasville: 6 photos
  la-trinidad-assembly-of-god-chruch-rio-hondo + la-trinidad-assembly-of-god-rio-hondo: 8 photos
  first-congregational-church-stockton: 8 photos
  rose-hill-baptist-church-mineola: 8 photos
  charter-oak-lighthouse-covina: 4 photos
  northgate-community-church-manteca: 8 photos
  calvary-baptist-church-monroe: 7 photos
  spanish-assembly-of-god-church-marlin: 8 photos
  mount-olive-baptist-church-dickinson-dickinson: 6 photos
  archer-church-of-the-nazarene-archer: 8 photos
  cove-church-of-the-nazarene-copperas-cove: 8 photos
  elizabeth-terrace-baptist-church-rossville: 1 photos
  south-bay-baptist-church-chula-vista: 6 photos
  lighthouse-tabernacle-lamont: 8 photos
  arabic-evangelical-church-whittier: 2 photos
  new-apostolic-church-woodbury: 8 photos
  calvary-baptist-church-longview: 1 photos
  fr-centre-chretien-maison-de-gracefoursquare: 8 photos
  faith-church-of-athens-athens: 3 photos
  grace-independent-baptist-church-eatonton: 2 photos
  redemption-fellowship-fayetteville: 2 photos
  grand-parkway-church-porter: 7 photos
  centro-cristiano-renacer-poughkeepsie-poughkeepsie: 8 photos
  church-of-god-of-prophecy-lizella: 8 photos
  grace-church-at-town-center-kennesaw: 8 photos
  the-apostolic-church-international-bronx: 3 photos
  first-baptist-church-broaddus: 1 photos
  oasis-worship-center-morton: 5 photos
  rose-hill-church-of-god-in-christ-terrell: 8 photos
  baptist-aaron-port-saint-lucie: 8 photos
  vaughn-street-bible-church-gibsonton: 2 photos
  first-missionary-baptist-church-thomasville: 7 photos
  powers-baptist-church-bloomingdale: 2 photos
  fellowship-bible-church-middleburg: 8 photos
  second-ave-baptist-corsicana: 3 photos
  pensacola-mennonite-church-pensacola: 1 photos
  christian-tabernacle-houston: 7 photos
  blessed-hope-baptist-church-houston: 1 photos
  first-congregational-church-canandaigua: 8 photos
  crossroads-baptist-church-saint-cloud: 7 photos
  carson-oaks-community-church-stockton: 8 photos
  redemption-haven-oakland: 8 photos
  grove-baptist-church-grovetown: 3 photos
  clayton-community-church-clayton: 1 photos
  plant-city-united-pentecostal-church-plant-city: 6 photos
  church-of-the-valley-san-ramon: 8 photos
  fr-eglise-evangelique-reformee-du-christ: 8 photos
  church-of-christ-fort-lauderdale: 1 photos
  south-park-baptist-church-grand-prairie: 8 photos
  pleasant-grove-baptist-church-pensacola: 8 photos
  hope-fellowship-longview: 6 photos
  calvary-chapel-hollister: 7 photos
  first-baptist-church-summerville: 7 photos
  living-faith-church-of-god-guyton: 6 photos
  highpoint-church-ocoee: 8 photos
  first-covenant-church-jamestown: 8 photos
  journey-christian-church-rochester: 8 photos
  shady-shores-baptist-church-denton: 8 photos
  greater-saint-paul-s-missionary-baptist-houston: 8 photos
  harlem-baptist-church-harlem: 5 photos
  crossroads-baptist-church-hephzibah: 5 photos
  amity-bible-church-richardson: 2 photos
  greater-faith-grace-bible-church-rialto: 6 photos
  mt-calvary-baptist-church-beaumont: 7 photos
  beacon-baptist-church-clay: 8 photos
  first-baptist-church-of-patterson-patterson: 2 photos
  new-beginnings-assembly-of-god-harker-heights: 8 photos
  brunswick-baptist-church-troy + brunswick-baptist-troy: 1 photos
  new-assurance-baptist-church-san-diego: 8 photos
  tri-county-baptist-church-katy: 8 photos
  potosi-baptist-church-abilene: 8 photos
  fokus-kirche-bad-langensalza: 8 photos
  swedenborgian-church-san-francisco: 8 photos
  hadley-luzerne-wesleyan-church-lake-luzerne: 8 photos
  iglesia-pentecostal-de-jesucristo-roca-de-salvacion-smyrna: 8 photos
  friendship-church-richmond-richmond: 8 photos
  bowe-gardens-baptist-church-melbourne: 8 photos
  nesconset-christian-church-nesconset: 8 photos

Done. 305 churches updated, 1565 photos mirrored to R2.
Raw archive: /Users/dpr/Code/Projekt/gospelmigration/data/places-raw/photos-run-2026-07-03.jsonl
Failures (241):
  - calvary-baptist-church-odessa: no imageUrls
  - fr-armee-du-salut-3[0]: http_403
  - trinity-baptist-church-milton[0]: http_403
  - christ-alive-christian-center-bronx[0]: http_403
  - canaan-baptist-church-gainesville[0]: http_403
  - duval-station-baptist-church-jacksonville[0]: http_403
  - hoosic-valley-community-church-schaghticoke[0]: http_403
  - mt-moriah-baptist-church-inc-miami[0]: http_403
  - st-johns-missionary-baptist-church-tallahassee[0]: http_403
  - first-baptist-sweetwater-orlando: no imageUrls
  - calvary-baptist-church-jacksonville: no imageUrls
  - el-bethel-baptist-church-houston[0]: http_403
  - revival-center-church-of-god-onalaska[0]: http_403
  - bethel-missionary-baptist-church-oakland[0]: http_403
  - victorious-life-church-spring-hill[0]: http_403
[loop] 2026-07-03 19:19:56 chunk 7 starting
Targets: 400 churches
maxImages=8, estimated Apify cost ~$4.00
Starting Apify compass~crawler-google-places for 384 place ids...
Run XXWbLCo1BVQpjlcp0, dataset 35DrqVI0FFJiNmxHO
Dataset items: 384
  crossroads-community-church-titusville: 1 photos
  saint-beulah-baptist-church-montgomery: 4 photos
  new-vision-church-of-god-san-antonio: 4 photos
  adi-santa-ninfa: 8 photos
  the-redeemed-christian-church-of-god-vo-denton: 8 photos
  st-john-armenian-church-san-francisco: 8 photos
  rockaway-baptist-ch-rockaway-beach: 6 photos
  st-stephens-missionary-baptist-church-wharton: 7 photos
  willow-grove-baptist-church-moody: 8 photos
  davis-chinese-christian-church-davis: 8 photos
  lyon-s-chapel-baptist-church-lubbock: 8 photos
  solid-rock-missionary-baptist-church-of-lewisville-lewisville: 4 photos
  southwood-baptist-church-crowley: 8 photos
  green-acres-baptist-church-flint: 8 photos
  lamar-baptist-church-beaumont: 8 photos
  lakeview-church-of-the-nazarene-tyler: 2 photos
  fr-eglise-evangelique-du-bassin-de-pompey: 8 photos
  first-baptist-church-shamrock: 8 photos
  mt-zion-baptist-church-abilene: 8 photos
  lifehouse-bible-church-magnolia: 1 photos
  wolfork-baptist-church-rabun-gap: 8 photos
  beth-sar-shalom-messianic-congregation-delray-beach: 1 photos
  alpha-omega-ministries-stockton: 3 photos
  tampa-bay-presbyterian-church-tampa: 1 photos
  salvation-deliverance-church-wyandanch: 7 photos
  ft-caroline-christian-church-jacksonville: 8 photos
  astatula-baptist-church-astatula: 8 photos
  cowboy-church-crossroads-madisonville: 2 photos
  mother-zion-baptist-church-bay-city: 7 photos
  one-church-hagen: 8 photos
  st-paul-baptist-church-coldspring: 8 photos
  rock-of-ages-pharr: 8 photos
  king-baptist-church-gatesville: 7 photos
  new-beginning-church-houston: 7 photos
  adirondack-christian-fellowship-gansevoort: 4 photos
  kensington-community-church-san-diego: 8 photos
  compass-christian-church-roanoke-north-richland-hills: 8 photos
  friendship-baptist-church-malone: 6 photos
  midway-community-church-alpharetta: 8 photos
  crosswalk-community-church-sunnyvale: 8 photos
  fr-eglise-bordeaux-ouest: 8 photos
  first-baptist-church-of-ponder-ponder: 6 photos
  rima-ridge-baptist-church-ormond-beach: 8 photos
  richardson-east-baptist-church-richardson: 8 photos
  calvary-chapel-of-sun-valley-sun-valley: 8 photos
  ukrainische-gemeinde-munchen: 8 photos
  chapel-of-praise-arverne: 2 photos
  predestined-for-purpose-ministries-yonkers: 1 photos
  greater-saint-mary-baptist-church-tyler: 2 photos
  zeal-startup-erzgebirge: 8 photos
  church-of-god-by-faith-hawthorne: 8 photos
  calvary-baptist-church-bowie: 4 photos
  iglesia-bautista-el-camino-orlando: 8 photos
  westside-baptist-church-pacifica: 6 photos
  new-life-full-gospel-church-clearwater: 8 photos
  ranchhouse-cowboy-church-maypearl: 3 photos
  christadelphian-ecclesia-simi-hills-simi-valley: 2 photos
  valley-stream-baptist-church-valley-stream: 2 photos
  oak-grove-baptist-church-milledgeville: 1 photos
  shiloh-baptist-church-edna: 6 photos
  wind-of-the-spirit-worship-center-riverside: 8 photos
  northside-united-pentecostal-church-amarillo: 3 photos
  swift-creek-baptist-church-macon: 6 photos
  tara-baptist-church-jonesboro: 3 photos
  north-naples-baptist-church-naples: 8 photos
  orchard-community-church-rochester: 8 photos
  south-middleburg-baptist-church-middleburg: 1 photos
  christ-armenian-church-la-crescenta: 8 photos
  praise-chapel-rancho-cucamonga: 2 photos
  the-greater-body-of-christ-temple-inc-atlanta: 8 photos
  coulter-road-baptist-church-amarillo: 8 photos
  friendship-baptist-church-albany: 7 photos
  ash-baptist-church-athens-athens: 2 photos
  cornerstone-community-church-sacramento: 8 photos
  central-baptist-church-lilburn: 3 photos
  first-fundamental-bible-church-la-puente: 8 photos
  mid-cities-en-espanol + mid-cities-odessa: 8 photos
  immanuel-baptist-church-ridgecrest: 2 photos
  honey-lake-valley-assembly-janesville: 8 photos
  centennial-baptist-church-rutledge: 8 photos
  faith-bible-church-deltona: 7 photos
  greater-new-light-baptist-church-atlanta: 4 photos
  sovereign-grace-church-pasaden-pasadena: 5 photos
  the-garden-church-new-braunfels: 2 photos
  church-of-the-holy-presence-deland: 7 photos
  bethel-baptist-church-bells: 6 photos
  reformed-church-of-los-angeles-lynwood: 8 photos
  summer-creek-baptist-church-houston: 8 photos
  pine-summit-baptist-church-pensacola: 8 photos
  highland-hills-baptist-church-macon: 8 photos
  kingdom-harvest-christian-ministries-pensacola: 3 photos
  chinese-baptist-church-miami: 8 photos
  good-life-church-bradenton: 8 photos
  first-baptist-church-of-oakhurst-oakhurst: 2 photos
  primera-iglesia-bautista-irving: 6 photos
  cornerstone-baptist-church-missouri-city: 8 photos
  ebenezer-church-houston: 8 photos
  calvary-baptist-church-rosharon: 6 photos
  cornerstone-church-el-paso: 8 photos
  welcome-home-christian-church-leesburg: 6 photos
  faith-temple-cogic-elmira: 1 photos
  iglesia-hispana-pentecostal-pasadena: 5 photos
  harvest-church-temple: 8 photos
  crossroads-church-long-island-farmingdale: 6 photos
  pleasant-hill-baptist-church-los-angeles + pleasant-hill-baptist-church-linden: 6 photos
  new-beginning-christian-ministries-church-stockbridge: 4 photos
  madison-avenue-baptist-church-north-highlands: 6 photos
  faith-baptist-church-of-visalia-visalia: 2 photos
  arabic-christian-fellowship-fort-worth: 5 photos
  morello-hills-christian-church-martinez: 8 photos
  atlanta-vineyard-church-atlanta: 8 photos
  chinmaya-mission-san-jose: 7 photos
  springfield-baptist-church-mcdonough: 3 photos
  seth-ward-baptist-church-plainview: 1 photos
  assyrian-church-of-the-east-diocese-san-jose: 8 photos
  calvary-church-of-the-nazarene-miami: 8 photos
  christ-gospel-church-pinellas-park: 8 photos
  new-beginnings-church-assemblies-of-god-buna: 2 photos
  the-rock-community-church-lakeland: 4 photos
  oasis-community-church-twentynine-palms: 3 photos
  new-jerusalem-missionary-baptist-church-houston: 7 photos
  evangelical-hatian-church-of-the-nazarene-port-saint-lucie: 2 photos
  grace-temple-covenant-church-garland: 8 photos
  new-life-community-church-sayville: 3 photos
  antioch-baptist-church-calhoun: 6 photos
  adi-catania-librino: 3 photos
  first-baptist-church-laporte-la-porte: 7 photos
  first-baptist-church-van: 2 photos
  prevailing-faith-pasadena: 8 photos
  oak-grove-baptist-church-nacogdoches: 6 photos
  olney-assembly-olney: 5 photos
  river-of-life-church-guilderland: 3 photos
  the-fellowship-church-lubbock-lubbock: 6 photos
  broadalbin-baptist-church-broadalbin: 8 photos
  church-of-the-lord-jesus-christ-vidor: 2 photos
  pastor-s-study-crosby: 8 photos
  lee-davis-library-pasadena: 4 photos
  atwater-community-church-north-port: 3 photos
  thankful-missionary-baptist-church-blythe: 8 photos
  hamptons-christian-fellowship-sag-harbor: 2 photos
  pilgrim-rest-baptist-church-beaumont: 4 photos
  wayside-church-of-the-nazarene-tulare: 6 photos
  shepherd-church-porter-ranch: 8 photos
  lufkin-first-assembly-lufkin: 1 photos
  bethel-baptist-church-sycamore: 6 photos
  pico-rivera-foursquare-church-pico-rivera: 5 photos
  first-baptist-church-haltom-city-haltom-city: 2 photos
  new-hope-fellowship-fort-worth: 8 photos
  new-mount-calvary-missionary-baptist-church-houston + new-mount-calvary-houston: 8 photos
  gethsemane-garden-baptist-church-new-york: 2 photos
  bacliff-assembly-of-god-bacliff: 1 photos
  grace-bible-church-wappingers-falls: 7 photos
  true-fellowship-baptist-church-duncanville: 8 photos
  this-rock-weekday-childcare-north-richland-hills: 8 photos
  holy-temple-church-of-god-in-christ-terrell: 8 photos
  kingston-baptist-church-kingston: 1 photos
  saint-gregory-armenian-apostolic-san-francisco: 8 photos
  petra-baptist-church-saint-augustine: 8 photos
  greater-macedonia-baptist-church-texas-city: 7 photos
  azle-first-assembly-of-god-azle: 2 photos
  first-baptist-church-sylvester: 8 photos
  mt-olive-church-of-god-in-christ-los-angeles: 1 photos
  fr-eglise-foursquare-la-moisson-des-bles: 3 photos
  heights-baptist-church-san-angelo: 6 photos
  sheldon-road-baptist-church-tampa: 2 photos
  st-luke-lutheran-church-buffalo: 4 photos
  first-nazarene-church-amarillo: 2 photos
  iglesia-bautista-getsemani-mcallen: 8 photos
  zion-hill-baptist-church-acworth: 1 photos
  progressive-baptist-church-dallas: 8 photos
  north-main-baptist-church-liberty: 8 photos
  cristo-para-las-naciones-torrance: 1 photos
  church-of-god-of-prophecy-west-babylon: 4 photos
  hillcrest-baptist-church-acworth: 8 photos
  bethany-community-church-san-pedro: 1 photos
  first-bible-baptist-church-bakersfield: 2 photos
  high-point-assembly-royse-city: 8 photos
  faith-baptist-church-missouri-city: 8 photos
  cooper-avenue-baptist-church-yuba-city: 8 photos
  second-baptist-church-marshall: 8 photos
  the-bridge-church-of-god-ochlocknee: 8 photos
  inspiration-chapel-altamonte-springs: 8 photos
  rothwell-baptist-church-pooler + rothwell-street-baptist-church-pooler: 3 photos
  first-church-of-god-in-christ-childress: 8 photos
  redeemer-church-international-campus-utica: 8 photos
  grace-baptist-church-st-lucie-port-saint-lucie: 8 photos
  southwest-baptist-church-fort-myers: 8 photos
  cornerstone-evangelical-baptist-church-san-francisco + cornerstone-evangelical-baptist-church-sunset-site-san-francisco: 8 photos
  bell-gardens-baptist-church-bell-gardens: 8 photos
  visalia-evangelical-free-church-visalia: 1 photos
  solid-rock-baptist-church-humble: 8 photos
  first-baptist-church-of-hempstead-hempstead: 8 photos
  greater-little-zion-baptist-church-beaumont: 3 photos
  iron-hill-baptist-church-acworth: 3 photos
  first-baptist-church-maypearl: 8 photos
  macedonia-baptist-church-hiawassee: 8 photos
  moultrie-church-of-god-pastorium-moultrie: 1 photos
  hill-country-bible-church-dripping-springs-dripping-springs: 1 photos
  the-destiny-center-fort-worth: 8 photos
  new-cherry-grove-baptist-church-buna: 2 photos
  sims-chapel-baptist-church-garland: 8 photos
  first-korean-baptist-church-peachtree-city-peachtree-city + peachtree-city-peachtree-city: 3 photos
  canaan-primitive-baptist-churc-orange: 2 photos
  new-life-connection-christian-church-lancaster: 8 photos
  fr-centre-cultuel-evangelique-regional: 3 photos
  ship-of-zion-baptist-church-houston: 3 photos
  first-baptist-church-dawson: 8 photos
  clarksville-city-bapt-church-gladewater: 8 photos
  crown-valley-youth-ranch-woodlake: 8 photos
  living-hope-church-of-god-englewood: 8 photos
  starke-lake-baptist-church-ocoee: 6 photos
  grace-baptist-church-lemoore: 4 photos
  faith-bible-church-mohegan-lake: 3 photos
  bolivar-baptist-church-sanger: 8 photos
  camp-creek-baptist-church-cornelia: 4 photos
  the-gathering-church-midland: 8 photos
  bible-fellowship-missionary-oakland: 8 photos
  leesburg-church-of-the-nazarene-leesburg: 8 photos
  charity-baptist-church-cantonment: 2 photos
  rock-creek-baptist-church-maud: 8 photos
  new-covenant-community-church-oswego: 1 photos
  christian-service-center-saint-petersburg: 4 photos
  life-changing-ministries-san-bernardino: 8 photos
  redeemed-christian-church-of-god-houston + the-redeemed-christian-church-palestine: 8 photos
  christliche-gemeinschaft: 8 photos
  east-cobb-church-marietta: 8 photos
  first-baptist-church-of-cypress-cypress + first-baptist-church-of-houston-cypress: 5 photos
  calvary-chapel-katy: 8 photos
  holy-apostolic-pentecostal-3-los-angeles: 1 photos
  greater-new-macedonia-missionary-baptist-church-miami: 8 photos
  church-of-god-carrabelle: 4 photos
  bushland-baptist-church-amarillo: 5 photos
  st-john-baptist-church-chappell-hill: 3 photos
  assembly-of-god-van-etten: 8 photos
  acts-ministries-navarre: 4 photos
  first-baptist-church-adel: 2 photos
  first-baptist-church-rialto-rialto: 6 photos
  morning-view-baptist-church-acworth: 8 photos
  fr-eglise-protestante-evangelique-reparateur-des-breches: 7 photos
  fitzhugh-baptist-church-austin: 3 photos
  first-baptist-church-of-oceanway-jacksonville: 8 photos
  liberty-baptist-church-augusta: 2 photos
  first-baptist-church-panhandle: 2 photos
  life-church-north-richland-hills: 4 photos
  new-mt-zion-missionary-baptist-church-florida-city + new-mt-zion-baptist-church-florida-city: 2 photos
  mt-olive-baptist-church-houston: 5 photos
  alpha-omega-church-dallas: 6 photos
  new-life-assembly-of-god-fairfield: 2 photos
  belmont-baptist-church-gainesville: 8 photos
  second-baptist-church-middletown: 1 photos
  assembly-of-god-byers: 6 photos
  dykes-creek-baptist-church-rome: 6 photos
  sweethaven-holy-church-of-god-black-river: 7 photos
  blanco-cowboy-church-blanco: 2 photos
  christ-community-church-concord: 8 photos
  free-church-apopka: 8 photos
  abundant-life-church-san-antonio + abundant-life-cedar-hill + abundant-life-baptist-church-sbc-sanborn: 7 photos
  queens-village-church-of-god-queens-village: 5 photos
  living-hope-fellowship-lafayette: 8 photos
  south-san-antonio-mexican-baptist-church-san-antonio: 6 photos
  fr-eglise-evangelique-reformee: 8 photos
  pacific-beach-christian-church-san-diego: 5 photos
  happy-union-baptist-church-plainview: 2 photos
  church-of-god-san-angelo: 7 photos
  joy-riverside-church-riverside: 8 photos
  bethel-community-baptist-church-denison: 8 photos
  faith-baptist-church-kilgore: 7 photos
  the-city-church-san-diego: 8 photos
  apostplic-christian-faith-fort-lauderdale: 8 photos
  royalhouse-chapel-brooklyn-brooklyn: 8 photos
  coral-gables-congregational-early-childhood-center-coral-gables: 8 photos

Done. 282 churches updated, 1536 photos mirrored to R2.
Raw archive: /Users/dpr/Code/Projekt/gospelmigration/data/places-raw/photos-run-2026-07-03.jsonl
Failures (252):
  - crossroads-community-church-titusville[0]: http_403
  - saint-beulah-baptist-church-montgomery[4]: http_403
  - new-vision-church-of-god-san-antonio[4]: http_403
  - rockaway-baptist-ch-rockaway-beach[6]: http_403
  - second-baptist-church-angleton: no imageUrls
  - new-jerusalem-church-of-god-in-christ-compton[0]: http_403
  - st-stephens-missionary-baptist-church-wharton[7]: http_403
  - solid-rock-missionary-baptist-church-of-lewisville-lewisville[4]: http_403
  - lakeview-church-of-the-nazarene-tyler[2]: http_403
  - evangelical-free-church-vestal-vestal[0]: http_403
  - metropolitan-baptist-church-pittsburg[0]: http_403
  - haltom-road-baptist-church-haltom-city[0]: http_403
  - unmatched placeId 
  - faith-temple-church-midland[0]: http_403
  - harvest-christian-fellowship-albion[0]: http_403
[loop] 2026-07-03 19:30:30 chunk 8 starting
Targets: 400 churches
maxImages=8, estimated Apify cost ~$4.00
Starting Apify compass~crawler-google-places for 387 place ids...
Run CyKaJL6Behn1YZK8X, dataset mjtonc4B5EkgYaM2H
Dataset items: 387
  adi-prato: 2 photos
  trinity-baptist-church-niagara-falls: 1 photos
  the-church-of-god-longview: 7 photos
  korean-american-grace-baptist-harker-heights: 7 photos
  amazing-grace-world-outreach-church-forest-park: 8 photos
  greater-union-baptist-church-austin: 5 photos
  lakeside-apostolic-church-woodville: 8 photos
  mt-zion-baptist-church-atlanta: 1 photos
  tabernacle-baptist-church-concord: 2 photos
  faith-harvest-pentecostal-church-sweetwater: 8 photos
  mt-olive-baptist-church-paris: 4 photos
  first-baptist-church-wills-point: 2 photos
  shenandoah-baptist-church-cedar-park: 2 photos
  first-baptist-new-waverly: 5 photos
  mountain-view-chinese-christian-church-mountain-view: 8 photos
  bethlehem-missionary-baptist-church-winter-garden: 1 photos
  east-friendship-baptist-church-athens: 2 photos
  redeemed-christian-church-of-god-hesperia: 8 photos
  first-baptist-church-rochelle-rochelle: 5 photos
  true-vine-baptist-church-orlando: 7 photos
  church-of-oakland-jacksonville: 6 photos
  calvary-chapel-mcallen-metro-pharr: 1 photos
  first-baptist-church-west-seneca: 4 photos
  southwest-good-samaritan-ministries-los-fresnos: 8 photos
  saronforsamlingen-lesjofors: 8 photos
  first-christian-church-midland: 8 photos
  bonaire-first-baptist-church-bonaire: 5 photos
  bellevue-baptist-church-macon: 7 photos
  calvary-chapel-of-pensacola-pensacola: 3 photos
  home-of-christ-menlo-park: 5 photos
  first-assembly-of-god-jacksonville: 7 photos
  nuevo-empezar-iglesia-de-dios-pentecoste-weatherford: 1 photos
  fairview-baptist-church-austin: 5 photos
  berea-baptist-church-forest-hill: 1 photos
  cedar-grove-baptist-church-hooks: 7 photos
  greater-grace-church-conyers: 2 photos
  cornerstone-korean-baptist-church-carrollton: 8 photos
  mount-calvary-baptist-church-san-antonio: 6 photos
  church-of-christ-porterville: 3 photos
  trinity-baptist-church-dayton: 4 photos
  mount-moriah-baptist-church-kilgore: 2 photos
  calvary-pentecostal-church-god-modesto: 1 photos
  emmanuel-pentecostal-church-stafford: 1 photos
  barwick-road-baptist-church-delray-beach: 7 photos
  bullard-church-of-christ-bullard: 8 photos
  central-community-church-chatsworth: 1 photos
  valley-bible-church-shafter: 3 photos
  community-baptist-church-yonkers: 2 photos
  revelation-church-ny-smithtown: 1 photos
  new-hope-church-of-christ-largo: 2 photos
  first-baptist-church-farwell: 7 photos
  masters-hand-christian-fellowship-new-rochelle + the-master-s-hand-new-rochelle: 4 photos
  elmira-baptist-church-vacaville: 3 photos
  calvary-foresthill-foresthill: 4 photos
  cartersville-church-of-christ-cartersville: 2 photos
  calvary-baptist-church-winter-garden: 1 photos
  malta-open-bible-baptist-chr-ballston-spa: 5 photos
  new-beginnings-homestead: 8 photos
  second-avenue-baptist-church-rome + 2nd-ave-baptist-rome-rome: 8 photos
  cupertino-union-church-cupertino: 8 photos
  antioch-baptist-church-carrollton: 1 photos
  bible-baptist-fellowship-alpine: 8 photos
  pentecostal-missionary-church-of-christ-fresno: 8 photos
  first-baptist-church-acworth + first-baptist-church-acworth-acworth: 8 photos
  first-baptist-church-henrietta-henrietta: 4 photos
  north-point-christian-church-lewisville: 2 photos
  genesis-missionary-baptist-church-jacksonville: 8 photos
  christian-fellowship-church-lake-city: 8 photos
  st-peter-armenian-church-watervliet: 7 photos
  westbury-gospel-tabernacle-westbury: 2 photos
  greater-mount-calvary-baptist-church-rome: 1 photos
  gateway-assembly-of-god-auburndale: 1 photos
  antioch-baptist-church-richmond: 8 photos
  tri-county-baptist-church-senoia: 7 photos
  good-hope-baptist-church-dalton: 3 photos
  faith-baptist-church-stockbridge: 7 photos
  blessed-family-covenant-church-inglewood: 8 photos
  heckscher-dr-baptist-jacksonville: 8 photos
  first-baptist-church-port-saint-joe: 1 photos
  iglesia-ni-cristo-stockton: 4 photos
  friendship-baptist-church-sun-city-center: 6 photos
  the-rock-community-church-anaheim: 6 photos
  new-dawn-christian-village-los-angeles: 8 photos
  hog-mountain-baptist-church-dacula: 8 photos
  victory-outreach-santa-ana: 8 photos
  cook-springs-baptist-church-huntsville: 8 photos
  central-church-of-the-nazarene-san-antonio: 7 photos
  clearlake-first-baptist-church-cocoa: 8 photos
  bible-baptist-church-monroe: 8 photos
  first-baptist-church-riesel + sunset-baptist-church-riesel: 4 photos
  fayetteville-christian-church-fayetteville: 7 photos
  first-baptist-church-of-plantation-plantation: 8 photos
  gillionville-baptist-church-albany: 8 photos
  heritage-christian-fellowship-orange: 8 photos
  church-of-the-open-bible-brooklyn: 3 photos
  true-vine-of-holiness-missionary-baptist-church-dallas: 7 photos
  arcadia-christian-church-santa-fe: 8 photos
  overcome-church-canton: 7 photos
  first-christian-church-stratford: 8 photos
  light-of-the-world-church-compton: 8 photos
  fr-eglise-evangelique-lao-hmong: 8 photos
  first-christian-church-burnet: 5 photos
  gospel-temple-church-of-god-in-christ-brooklyn: 2 photos
  church-of-the-savior-cedar-park: 4 photos
  angelo-bible-church-san-angelo: 2 photos
  adi-san-biagio-platani: 7 photos
  mt-calvary-baptist-church-moreland: 8 photos
  first-baptist-church-of-galena-park-s-b-c-galena-park: 6 photos
  first-union-baptist-church-san-francisco: 4 photos
  armenian-brotherhood-bible-church-pasadena: 8 photos
  tabernacle-panama-city: 8 photos
  sunrise-christian-community-church-alhambra: 8 photos
  firetower-baptist-church-conroe: 4 photos
  east-bay-baptist-church-of-berkeley-berkeley: 8 photos
  charity-baptist-church-texarkana: 4 photos
  new-light-baptist-church-port-arthur: 5 photos
  baptist-church-mt-moriah-omaha + mt-moriah-baptist-church-omaha: 8 photos
  international-network-of-christian-communities-brooklyn: 2 photos
  heritage-church-of-mckinney-mckinney: 1 photos
  church-in-the-garden-garden-city: 2 photos
  the-learning-center-at-covenant-church-carrollton: 8 photos
  valley-view-chuch-of-god-in-christ-atlanta: 7 photos
  church-galilee-baptist-hallsville: 8 photos
  new-first-church-bronx: 5 photos
  fearless-life-church-waco: 8 photos
  providence-baptist-church-palmetto: 5 photos
  fr-eglise-de-dieu-10: 7 photos
  first-baptist-church-whitewright: 3 photos
  unity-ofthekeys-key-west: 8 photos
  galilee-baptist-church-flint: 8 photos
  gatekeepers-house-of-worship-mount-vernon: 8 photos
  first-christian-church-anna: 8 photos
  suffolk-christian-church-inc-lake-grove: 6 photos
  new-birth-christian-church-garland: 3 photos
  grace-baptist-church-oakhurst: 6 photos
  lighthouse-baptist-church-valdosta: 1 photos
  new-hope-assembly-of-god-cotati: 5 photos
  tropical-farms-baptist-church-stuart: 2 photos
  first-presbyterian-church-wyoming: 8 photos
  church-taft-first-assembly-taft: 1 photos
  queens-baptist-church-flushing: 4 photos
  true-gospel-missionary-baptist-church-los-angeles: 4 photos
  church-of-christ-in-onalaska-onalaska: 8 photos
  iglesia-ni-cristo-san-diego-county-district-office-el-cajon-el-cajon: 3 photos
  the-father-s-heart-vestal: 3 photos
  highland-baptist-church-denton: 8 photos
  first-church-of-nazarene-ga-augusta: 4 photos
  all-pro-services-houston: 6 photos
  primera-iglesia-bautista-odessa: 3 photos
  hart-haven-baptist-church-jacksonville: 1 photos
  spirit-truth-christian-church-south-ozone-park: 3 photos
  bronx-community-baptist-church-inc-bronx: 1 photos
  freedom-church-of-the-palm-beaches-lantana + freedom-church-of-the-palm-beaches-inc-lake-worth: 5 photos
  hacienda-christian-fellowship-la-puente: 8 photos
  alverne-church-of-god-far-rockaway: 6 photos
  peaceable-kingdom-killeen: 8 photos
  pleasant-grove-baptist-church-tyler: 8 photos
  caldwell-presbyterian-church-lake-george: 8 photos
  vineyard-church-syracuse-syracuse: 1 photos
  apostolic-church-sugar-land: 8 photos
  kiestwood-assembly-of-god-dallas: 6 photos
  first-christian-church-yucca-valley: 5 photos
  new-covenant-perfecting-apopka: 8 photos
  calvary-baptist-church-lockport: 2 photos
  hope-protestant-reformed-church-redlands: 8 photos
  pleasant-green-baptist-church-sugar-land: 8 photos
  iglesia-bautista-del-valle-temecula: 8 photos
  calvary-open-door-center-bellflower: 1 photos
  living-word-church-god-christ-forest-park: 5 photos
  faith-assembly-of-god-church-combes: 6 photos
  journey-christian-church-tracy: 8 photos
  first-christian-church-disciples-of-christ-melbourne: 5 photos
  heritage-baptist-church-georgetown: 4 photos
  jones-chapel-baptist-church-conroe: 2 photos
  shady-oaks-assembly-of-god-lake-jackson: 5 photos
  crest-community-church-riverside: 8 photos
  island-community-church-merritt-island: 3 photos
  hickory-grove-baptist-church-kilgore: 5 photos
  highland-park-baptist-church-kilgore: 3 photos
  triumph-baptist-church-fort-worth: 8 photos
  church-of-god-evening-light-balch-springs: 7 photos
  university-church-of-christ-abilene: 8 photos
  gethsemane-baptist-church-cornelia: 2 photos
  first-pentecostal-ministries-orlando: 2 photos
  first-baptist-church-paradise: 2 photos
  family-church-fredonia: 7 photos
  carlton-hills-southern-baptist-church-santee: 2 photos
  unity-of-tallahassee-tallahassee: 4 photos
  greater-st-paul-baptist-church-brazoria: 8 photos
  victory-bible-baptist-church-vidor: 3 photos
  victory-baptist-church-del-rio: 5 photos
  north-gwinnett-baptist-church-suwanee: 8 photos
  church-of-god-of-prophecy-forest-hills-tampa: 8 photos
  greater-bethlehem-baptist-church-dallas: 3 photos
  church-of-god-by-faith-inc-tampa: 1 photos
  hope-center-covenant-church-pleasant-hill: 7 photos
  first-rephidim-missionary-baptist-decatur: 1 photos
  jesus-haus-bad-tolz: 8 photos
  calvary-chapel-san-angelo-san-angelo: 8 photos
  st-john-s-reformed-church-red-hook: 1 photos
  st-james-ame-zion-church-ithaca: 4 photos
  grace-bible-church-bellville: 8 photos
  new-faith-baptist-church-aledo: 2 photos
  faith-christian-center-cairo: 4 photos
  eagle-heights-church-sugar-land: 8 photos
  h2o-church-orlando: 8 photos
  lifebridge-church-san-diego: 8 photos
  fellowship-at-fields-store-waller: 4 photos
  pleasant-view-baptist-church-apopka: 1 photos
  covenant-life-church-west-henrietta: 4 photos
  icie-hamburg-citylight: 8 photos
  calvary-chapel-of-natomas-sacramento: 8 photos
  calvary-chapel-homestead-homestead: 8 photos
  faith-bible-church-oxford: 1 photos
  ariel-san-antonio: 1 photos
  grace-community-church-new-smyrna-beach: 5 photos
  living-faith-assembly-of-god-tampa: 8 photos
  cornerstone-baptist-church-cherry-log: 8 photos
  christian-new-creation-riverdale: 5 photos
  mt-moriah-baptist-church-macon: 1 photos
  emmanuel-baptist-church-parrish: 5 photos
  bayshore-church-of-the-nazarene-bradenton: 2 photos
  gray-avenue-christian-church-yuba-city: 3 photos
  park-community-church-shingle-springs: 3 photos
  thriveaustin-vineyard-church-austin: 2 photos
  primera-iglesia-bautista-hispana-lawrenceville: 5 photos
  iglesia-vida-life-church-ag-pembroke-pines: 8 photos
  compassion-christian-center-bakersfield: 2 photos
  scott-lake-baptist-lakeland: 8 photos
  faith-christian-assembly-god-west-haverstraw: 2 photos
  church-of-god-tampa: 8 photos
  el-bethel-baptist-church-waxahachie-waxahachie: 8 photos
  church-of-christ-long-beach: 1 photos
  fr-eglise-evangelique-de-pentecote-17: 1 photos
  love-power-grace-christian-bronx: 8 photos
  faith-temple-christian-center-rockledge: 8 photos
  new-hope-baptist-church-wauchula: 8 photos
  prescott-evangelical-free-church-modesto: 8 photos
  appalachee-shoals-baptist-church-bethlehem: 1 photos
  plymouth-congregational-church-san-diego: 8 photos
  christ-community-church-pca-titusville: 8 photos
  sonora-baptist-church-sonora: 1 photos
  first-baptist-church-ocklawaha: 8 photos
  king-spring-baptist-church-smyrna: 8 photos
  san-antonio-korean-baptist-church-san-antonio: 8 photos

Done. 251 churches updated, 1275 photos mirrored to R2.
Raw archive: /Users/dpr/Code/Projekt/gospelmigration/data/places-raw/photos-run-2026-07-03.jsonl
Failures (291):
  - unmatched placeId 
  - evangelical-free-church-vestal-vestal[0]: http_403
  - haltom-road-baptist-church-haltom-city[0]: http_403
  - harvest-christian-fellowship-albion[0]: http_403
  - champions-ministries-orlando[0]: http_403
  - covenant-church-antioch[0]: http_403
  - bethesda-baptist-church-new-rochelle[0]: http_403
  - harmony-baptist-church-middletown: no imageUrls
  - metropolitan-baptist-church-pittsburg[0]: http_403
  - grace-baptist-church-port-orange[0]: http_403
  - splendora-assembly-of-god-chr-splendora[0]: http_403
  - lake-shipp-baptist-church-winter-haven[0]: http_403
  - faith-temple-church-midland[0]: http_403
  - second-baptist-church-angleton: no imageUrls
  - christian-fellowship-center-santa-cruz[0]: http_403
[loop] 2026-07-03 19:39:22 chunk 9 starting
Targets: 400 churches
maxImages=8, estimated Apify cost ~$4.00
Starting Apify compass~crawler-google-places for 386 place ids...
Run JP1hsW5hfHrGPETh9, dataset STwvjjPCPw6YaQuTh
Dataset items: 386
  solid-rock-missionary-baptist-zavalla: 1 photos
  jerusalem-pentecostal-taylor: 2 photos
  primera-iglesia-bautista-gainesville: 3 photos
  crestview-christian-church-copperas-cove: 4 photos
  apostolic-christian-church-peachtree-city: 5 photos
  the-rock-church-brentwood: 7 photos
  crossroads-baptist-church-fern-park: 3 photos
  first-baptist-church-needville-needville + first-baptist-church-needville: 6 photos
  solid-rock-baptist-church-los-angeles: 1 photos
  faith-assembly-of-god-san-antonio: 2 photos
  victory-tabernacle-missionary-baptist-church-mcdonough: 1 photos
  buffalo-creek-baptist-church-waxahachie: 3 photos
  harbor-baptist-church-long-beach: 8 photos
  ridgewood-pentecostal-church-brooklyn: 8 photos
  ivey-baptist-church-ivey: 5 photos
  rock-springs-baptist-church-morrow: 1 photos
  word-of-life-christian-church-waco: 1 photos
  shiloh-church-vacaville: 8 photos
  first-christian-church-fort-stockton: 8 photos
  gospel-mission-baptist-church-los-angeles: 1 photos
  gate-vineyard-fellowship-santa-maria: 7 photos
  christ-apostolic-church-international-bronx: 2 photos
  house-of-hope-apostolic-church-harlingen: 7 photos
  iglesia-poder-de-dios-pharr: 8 photos
  clear-creek-baptist-church-kempner: 8 photos
  cornerstone-baptist-church-la-marque: 8 photos
  peach-creek-baptist-church-new-caney: 2 photos
  lake-country-baptist-church-queen-city: 8 photos
  mountain-view-church-lake-forest: 2 photos
  temple-of-god-baptist-church-perry: 2 photos
  mt-zion-missionary-baptist-church-ladonia: 8 photos
  faith-community-church-oxnard: 8 photos
  bethel-fellowship-decatur: 8 photos
  atlanta-church-of-god-lawrenceville + atlanta-church-of-god-atlanta: 7 photos
  sand-flat-missionary-baptist-church-grand-saline: 1 photos
  pine-grove-missionary-baptist-church-crockett: 2 photos
  anchor-christian-church-rochester: 3 photos
  shavano-baptist-church-san-antonio: 2 photos
  cityview-community-church-mineral-wells: 8 photos
  our-father-s-house-of-faith-lufkin: 2 photos
  christian-renewal-ministries-pittsburg: 5 photos
  first-baptist-church-of-lloyd-monticello: 2 photos
  broadview-baptist-church-lubbock: 8 photos
  living-word-community-church-haltom-city: 5 photos
  jerusalem-baptist-church-marshall: 4 photos
  sylmar-christian-fellow-church-sylmar: 2 photos
  church-of-the-nazarene-sulphur-springs: 8 photos
  holy-fellowship-church-of-god-in-christ-snellville: 7 photos
  cove-road-church-of-god-la-fayette: 3 photos
  katy-bible-church-katy: 3 photos
  international-church-truth-orlando: 4 photos
  tripp-baptist-church-sunnyvale: 8 photos
  templo-betel-assembly-san-angelo: 8 photos
  main-street-baptist-church-binghamton: 8 photos
  first-christian-church-la-marque: 4 photos
  gilead-baptist-church-danielsville: 1 photos
  ethnos-bible-church-richardson: 8 photos
  mount-tabor-first-baptist-church-crescent-city: 1 photos
  richland-faith-assembly-modesto: 8 photos
  transformation-anglican-church-rockwall: 1 photos
  faith-tabernacle-assembly-of-god-odessa: 1 photos
  first-congregational-church-fort-worth: 8 photos
  bryan-first-church-of-god-bryan: 8 photos
  gospel-center-church-beaumont: 1 photos
  praise-temple-church-god-in-desoto: 5 photos
  jay-first-baptist-church-jay: 1 photos
  cornerstone-korean-baptist-church-lewisville: 8 photos
  mt-olive-baptist-church-scurry: 4 photos
  covenant-life-winder: 8 photos
  fellowship-baptist-church-deltona: 2 photos
  woodstock-reformed-church-woodstock: 8 photos
  church-of-lord-jesus-christ-lufkin: 6 photos
  redwood-city-baptist-church-redwood-city: 8 photos
  church-of-the-nazarene-weaverville: 8 photos
  rainbow-baptist-church-cleveland: 1 photos
  first-baptist-church-palmer: 7 photos
  blessed-hope-baptist-church-lakeland: 2 photos
  harvest-baptist-church-jacksonville: 1 photos
  oak-hill-baptist-church-millen: 1 photos
  heritage-baptist-church-anderson: 8 photos
  orangecrest-community-church-riverside: 8 photos
  trinity-church-miami + trinity-church-north-miami: 1 photos
  first-baptist-church-fort-valley: 5 photos
  st-gregorios-indian-orthodox-church-of-yonkers-yonkers: 8 photos
  st-paul-holiness-church-rochester: 2 photos
  heritage-baptist-church-thonotosassa: 6 photos
  santa-rosa-christian-fellowship-santa-rosa: 8 photos
  king-of-kings-christian-church-jacksonville: 1 photos
  deenwood-baptist-church-waycross: 3 photos
  mt-vernon-heights-congregational-church-mount-vernon: 8 photos
  leap-of-faith-community-baptist-church-inglewood: 1 photos
  northside-church-of-god-jacksonville: 1 photos
  iglesia-cristiana-josue-sunrise: 8 photos
  first-baptist-church-brownfield: 8 photos
  first-baptist-church-baldwinsville: 1 photos
  first-baptist-church-teague: 2 photos
  happy-valley-baptist-church-kountze: 2 photos
  new-bethel-baptist-church-fort-worth: 2 photos
  pentecostal-tabernacle-of-west-palm-beach-greenacres: 8 photos
  western-heights-baptist-church-waco: 2 photos
  victory-baptist-church-panama-city: 4 photos
  gospel-light-baptist-church-forney: 5 photos
  almond-valley-christian-reformed-church-ripon: 8 photos
  university-bible-fellowship-downey: 2 photos
  missionary-baptist-church-galveston: 1 photos
  first-baptist-church-seagoville: 8 photos
  lake-murray-church-la-mesa: 2 photos
  croton-falls-commnty-church-croton-falls: 4 photos
  good-hope-missionary-baptist-church-bartow: 4 photos
  mandarin-church-god-prophecy-jacksonville: 4 photos
  first-baptist-church-collinsville: 3 photos
  potters-house-christian-church-of-round-rock-round-rock: 8 photos
  calvary-chapel-norco + calvary-chapel-norco-norco: 2 photos
  mother-lode-church-coloma: 8 photos
  victory-assembly-carrollton: 7 photos
  first-chinese-baptist-church-san-antonio: 8 photos
  wayside-baptist-church-lake-wales: 3 photos
  church-of-god-by-faith-inc-stuart: 1 photos
  carmichael-baptist-church-carmichael: 3 photos
  southside-baptist-church-griffin: 8 photos
  first-christian-church-garland: 6 photos
  cornerstone-community-church-troy: 2 photos
  first-baptist-church-westfield: 6 photos
  community-bible-church-rochester: 4 photos
  new-hope-baptist-church-franklin: 3 photos
  first-church-of-the-nazarene-redding: 8 photos
  calvary-chapel-fortuna: 8 photos
  church-of-god-of-prophecy-rome + church-of-god-of-prophecy-orange: 7 photos
  grace-bible-fellowship-church-melissa: 1 photos
  jacobs-ladder-community-fellowship-church-inglewood: 4 photos
  living-water-calvary-chapel-corona: 8 photos
  faith-temple-rochester: 8 photos
  first-baptist-church-of-hilliard-inc-hilliard: 3 photos
  calvary-cross-chapel-cerritos: 8 photos
  bread-of-life-christian-church-rowland-heights: 4 photos
  fr-eglise-evangelique-de-pentecote-4: 5 photos
  iglesia-bautista-northgate-sacramento: 8 photos
  heritage-bible-church-panama-city: 1 photos
  apostolic-christian-church-altadena: 8 photos
  noonday-baptist-association-marietta: 4 photos
  mt-hermon-baptist-church-fort-worth: 1 photos
  merced-baptist-church-merced: 8 photos
  first-christian-church-van-alstyne: 8 photos
  memorial-baptist-church-brooklyn: 7 photos
  holy-church-of-god-metter: 8 photos
  st-mark-ame-church-of-clermont-clermont: 6 photos
  oakdale-church-of-god-smyrna: 6 photos
  holy-light-church-of-god-rochester: 6 photos
  bellview-baptist-church-midland: 3 photos
  first-baptist-church-alamo-alamo: 4 photos
  first-baptist-of-forest-city-altamonte-springs: 2 photos
  cornerstone-church-denton: 3 photos
  wayside-christian-church-lancaster: 1 photos
  firehouse-church-brea: 8 photos
  calvary-chapel-long-beach: 8 photos
  covenant-community-church-navarre: 1 photos
  flemington-presbyterian-church-hinesville: 8 photos
  ocean-of-love-church-of-god-in-christ-sinton: 8 photos
  galt-bible-church-galt: 8 photos
  pine-hill-baptist-church-cairo: 4 photos
  rosemont-baptist-church-niceville: 5 photos
  pentecostal-gospel-international-center-hayward: 8 photos
  iglesia-biblica-bautista-de-hialeah-hialeah: 8 photos
  providence-church-duluth: 6 photos
  central-baptist-church-liberty: 8 photos
  iglesia-buenas-nuevas-de-lilburn-lilburn: 3 photos
  true-jesus-church-in-sacramento-sacramento: 8 photos
  praise-chapel-bell-gardens: 8 photos
  southern-missionary-baptist-church-syracuse: 8 photos
  mt-zion-baptist-church-family-center-albany + mt-zion-baptist-church-albany: 2 photos
  first-baptist-church-sanford: 2 photos
  catheys-valley-baptist-church-catheys-valley: 8 photos
  new-life-community-church-of-the-nazarene-orlando: 2 photos
  grace-chapel-neenach-lancaster: 8 photos
  carnes-creek-baptist-church-toccoa: 1 photos
  bethel-church-of-god-in-christ-el-paso: 6 photos
  cornerstone-baptist-church-tyler: 8 photos
  parkway-baptist-church-college-station: 8 photos
  woodland-baptist-church-beaumont: 2 photos
  assembly-of-god-north-fork: 8 photos
  rocky-point-baptist-church-stephenville: 3 photos
  calvary-baptist-church-midlothian: 6 photos
  inman-park-baptist-church-winter-haven: 7 photos
  gracepointe-marietta-baptist-church-marietta: 6 photos
  community-church-the-nazarene-ruskin: 3 photos
  first-baptist-church-rowlett-crandall: 4 photos
  sierra-vista-baptist-church-colton: 5 photos
  templo-de-altisimo-plano: 8 photos
  westview-baptist-church-miami: 8 photos
  first-assembly-of-god-clyde: 8 photos
  ridgewood-baptist-church-ridgewood: 8 photos
  greenhaven-neighborhood-church-sacramento: 4 photos
  faith-tabernacle-church-of-god-west-babylon: 3 photos
  church-of-the-way-indian-church-carrollton: 4 photos
  rccg-miracle-christian-centre-victorville: 3 photos
  mt-ararat-baptist-church-bartlett: 1 photos
  faith-builders-family-church-banning: 8 photos
  fr-eglise-protestante-de-bobigny: 5 photos
  covina-first-southern-baptist-church-covina: 8 photos
  lifepointe-united-pentecostal-church-snellville: 3 photos
  fr-eglise-mission-chretienne-du-plein-evangile-nice-port: 8 photos
  journey-assembly-of-god-bradenton + assembly-of-god-church-west-columbia: 8 photos
  emmanuel-baptist-church-west-palm-beach: 5 photos
  first-baptist-church-monroe: 8 photos
  templo-buenas-nuevas-abilene: 2 photos
  glad-tidings-assembly-of-god-mexia: 2 photos
  first-united-pentecostal-church-livingston: 3 photos
  grace-church-of-sacramento-citrus-heights: 3 photos
  all-veterans-christian-assembly-naples: 1 photos
  apostolic-assembly-faith-in-san-marcos: 8 photos
  palma-sola-community-church-bradenton: 7 photos
  indonesian-evangelical-church-azusa: 5 photos
  fr-eglise-protestante-evangelique-de-beaune-le-tabernacle: 5 photos
  richland-hills-christian-church-richland-hills: 8 photos
  church-of-god-vida-abundante-san-antonio: 8 photos

Done. 222 churches updated, 1070 photos mirrored to R2.
Raw archive: /Users/dpr/Code/Projekt/gospelmigration/data/places-raw/photos-run-2026-07-03.jsonl
Failures (297):
  - agape-international-ministries-hampton: no imageUrls
  - new-birth-baptist-church-pensacola[0]: http_403
  - life-spring-community-church-canandaigua[0]: http_403
  - glyndale-baptist-church-brunswick[0]: http_403
  - bible-way-church-waco[0]: http_403
  - deeper-life-bible-church-bronx[0]: http_403
  - greater-providence-baptist-church-dallas[0]: http_403
  - spirit-of-god-christian-church-alpharetta[0]: http_403
  - grace-baptist-temple-san-antonio[0]: http_403
  - pinehurst-baptist-church-pinehurst[0]: http_403
  - long-island-alliance-church-dix-hills[0]: http_403
  - north-citrus-christian-church-citrus-springs: no imageUrls
  - st-john-baptist-church-wichita-falls[0]: http_403
  - rugby-deliverance-tabernacle-brooklyn[0]: http_403
  - antioch-missionary-baptist-church-oakland[0]: http_403
[loop] 2026-07-03 19:47:03 chunk 10 starting
Targets: 400 churches
maxImages=8, estimated Apify cost ~$4.00
Starting Apify compass~crawler-google-places for 390 place ids...
Run A8FlFtXkjZR5H1hgD, dataset dERHuwqTKac1xUzgI
Dataset items: 390
  calvary-chapel-clermont-clermont: 1 photos
  fr-eglise-protestante-evangelique-du-blesois: 1 photos
  harvest-christian-fellowship-newport-beach: 2 photos
  first-baptist-church-malakoff: 1 photos
  fr-assemblee-de-dieu-39: 2 photos
  house-of-mercy-athens: 2 photos
  fr-eglise-evangelique-tzigane-26: 3 photos
  first-friendship-institutional-baptist-church-san-francisco: 3 photos
  eastwood-baptist-church-columbus: 2 photos
  life-restoration-church-newburgh: 3 photos
  reformed-church-in-america-schenectady: 8 photos
  calvary-assembly-of-god-punta-gorda: 8 photos
  macedonia-missionary-baptist-church-san-francisco: 6 photos
  priscilla-baptist-church-bell: 2 photos
  fr-eglise-evangelique-tzigane-66: 1 photos
  first-christian-reformed-church-bellflower: 8 photos
  mckinley-avenue-baptist-church-beaumont: 3 photos
  forest-ave-baptist-church-dallas: 1 photos
  apostolic-christian-fellowship-glens-falls: 4 photos
  second-baptist-church-douglasville-douglasville + second-baptist-church-douglasville: 8 photos
  niagara-community-church-niagara-falls: 8 photos
  conroe-missionary-baptist-church-aba-conroe: 8 photos
  crossroads-bible-church-lewisville: 8 photos
  church-of-god-of-prophecy-homeless-shelter-south-ozone-park: 7 photos
  central-baptist-church-mckinney: 8 photos
  baptistchurch-wildwood-temple: 1 photos
  calvary-chapel-cameron-park: 8 photos
  mt-pilgrim-baptist-church-boling: 8 photos
  grace-chinese-baptist-church-plano: 6 photos
  faith-baptist-church-old-town: 2 photos
  trinity-fellowship-church-richardson: 1 photos
  new-abundant-life-church-missouri-city: 3 photos
  plainview-reformed-church-plainview + plainview-family-church-plainview: 2 photos
  bethelder-baptist-rosharon: 8 photos
  nazareth-baptist-church-bronx: 1 photos
  harvest-baptist-church-abilene: 7 photos
  living-acts-church-tyler: 4 photos
  first-philippine-baptist-church-missouri-city: 3 photos
  shamrock-first-baptist-church-haines-city: 6 photos
  heritage-baptist-church-cohoes: 1 photos
  arp-assembly-of-god-church-arp: 2 photos
  first-baptist-church-archer-city: 1 photos
  glendora-friends-church-glendora: 8 photos
  mount-carmel-baptist-church-jupiter: 7 photos
  brookville-reformed-church-glen-head: 8 photos
  grace-covenant-baptist-church-mckinney: 2 photos
  blossom-valley-bible-church-san-jose: 2 photos
  christian-church-of-atasc-atascadero: 2 photos
  cross-church-on-birdcreek-temple: 8 photos
  victory-baptist-church-thomasville: 1 photos
  zeo-church-waco: 8 photos
  sanctuary-ministries-concord: 7 photos
  first-christian-church-of-decatur-decatur: 8 photos
  st-paul-baptist-church-long-beach: 3 photos
  peninsula-community-church-rancho-palos-verdes: 7 photos
  jesus-name-apostolic-ministery-copperas-cove: 1 photos
  roosevelt-community-church-lancaster: 1 photos
  southside-baptist-church-winter-haven: 8 photos
  new-york-jesus-family-church-whitestone: 3 photos
  prayer-chapel-lubbock: 8 photos
  yates-baptist-church-lyndonville: 8 photos
  shoal-creek-baptist-church-lagrange: 1 photos
  waynesville-church-of-god-waynesville: 1 photos
  ridgeland-community-church-west-henrietta: 1 photos
  community-church-east-williston: 5 photos
  grace-baptist-church-cumming: 1 photos
  calvary-chapel-pine-grove: 4 photos
  center-of-transformation-church-tampa: 2 photos
  holy-way-c-o-g-i-c-los-angeles: 5 photos
  rosevine-united-pentecostal-church-bronson: 1 photos
  rivertown-church-jacksonville: 7 photos
  new-birth-assembly-of-god-beaumont: 8 photos
  tabernacle-baptist-church-killeen: 8 photos
  iglesia-de-dios-pentecostal-mi-pasadena: 8 photos
  lady-lake-assembly-of-god-weirsdale: 2 photos
  living-witness-ministries-tampa: 8 photos
  solid-rock-baptist-church-san-antonio: 1 photos
  korean-baptist-church-of-gainesville-gainesville: 8 photos
  first-baptist-church-randolph: 2 photos
  first-baptist-church-golden-gate-naples: 3 photos
  new-jerusalem-church-of-god-in-christ-mount-enterprise: 1 photos
  clear-water-baptist-church-scroggins: 8 photos
  lighthouse-church-miami-beach: 6 photos
  st-mary-s-baptist-church-burton: 2 photos
  life-church-west-monroe: 2 photos
  first-baptist-church-gorman: 1 photos
  longwood-hills-congregational-church-longwood: 8 photos
  carmel-baptist-church-lindale: 2 photos
  mar-addai-parish-turlock: 7 photos
  lord-of-life-lutheran-church-alpharetta: 1 photos
  greater-shilo-baptist-church-lufkin: 2 photos
  mcneil-baptist-church-luling: 7 photos
  bernal-road-baptist-church-san-jose: 8 photos
  assembly-of-god-springville: 1 photos
  mt-zion-baptist-church-san-francisco: 8 photos
  calvary-chapel-rosemead-rosemead: 4 photos
  cartecay-baptist-church-ellijay: 6 photos
  shoreline-community-church-hayward: 8 photos
  northeast-christian-church-san-antonio: 8 photos
  first-congregational-church-salida: 3 photos
  grace-tabernacle-upc-iowa-park: 6 photos
  philadelphia-baptist-church-waldo: 8 photos
  pine-grove-baptist-church-moultrie: 2 photos
  church-of-god-in-christ-patchogue: 7 photos
  redeeming-love-fellowship-stittville: 7 photos
  valley-bible-church-of-visalia-visalia: 4 photos
  prince-of-peace-lutheran-church-missouri-synod-and-learning-center-douglasville: 8 photos
  liberty-baptist-church-of-clermont-clermont + liberty-baptist-church-clermont: 8 photos
  calvary-chapel-san-dieguito-san-marcos: 8 photos
  heritage-baptist-church-waxahachie: 8 photos
  friendship-baptist-church-gladewater: 2 photos
  ranchland-heights-baptist-church-midland: 4 photos
  st-christopher-hellenic-orthodox-church-peachtree-city: 6 photos
  primera-iglesia-bautista-ingleside: 8 photos
  sendero-pathway-seagraves: 1 photos
  tabernacle-baptist-church-gainesville: 5 photos
  st-volodymyr-ukrainian-catholic-church-utica: 8 photos
  first-christian-church-glendora: 7 photos
  san-ramon-valley-bible-church-san-ramon: 1 photos
  the-river-assembly-of-god-burkburnett: 3 photos
  lakeview-community-church-rochester: 3 photos
  kingsland-community-church-kingsland: 1 photos
  flower-mound-first-baptist-flower-mound: 1 photos
  baptista-iglesia-caminando-con-cristo-balch-springs: 2 photos
  church-of-the-living-god-henderson: 5 photos
  crossroads-church-of-long-island-central-islip: 3 photos
  tottenville-evangelical-free-staten-island: 5 photos
  melchizedek-divine-spiritual-baptist-church-dayton: 2 photos
  revelation-truth-fellsmere: 3 photos
  pentecostal-church-of-god-miami-beach: 8 photos
  cornerstone-baptist-church-dixon: 8 photos
  basket-creek-baptist-church-douglasville: 8 photos
  second-baptist-church-la-porte-la-porte: 1 photos
  true-doctrine-missionary-baptist-church-houston: 8 photos
  fr-eglise-evangelique-la-montagne-de-feu-et-des-miracles: 7 photos
  pine-valley-baptist-church-millport: 7 photos
  tlc-fellowship-madera: 1 photos
  redemption-road-pentecostal-church-red-bluff: 6 photos
  ebenezer-india-pentecostal-c-lakeland: 6 photos
  church-of-christian-gospel-faith-berkshire: 1 photos
  post-oak-cme-church-longview: 3 photos
  la-promesa-baptist-church-mcallen: 5 photos
  apostolic-lighthouse-church-upc-princeton: 8 photos
  shilo-church-of-god-christ-melissa: 8 photos
  spiritual-freedom-church-hemet: 1 photos
  new-life-church-of-god-in-christ-fort-lauderdale: 2 photos
  crossroads-assembly-of-god-san-angelo: 4 photos
  rio-grande-valley-baptist-association-weslaco: 1 photos
  new-bethlehem-church-tallahassee: 1 photos
  canyon-view-assembly-foresthill: 7 photos
  cameron-grove-baptist-church-cameron: 1 photos
  grace-baptist-church-panama-city: 8 photos
  mount-olive-ministry-center-church-of-god-arlington: 2 photos
  immanuel-baptist-church-kyle: 2 photos
  maranatha-bible-chapel-horseheads: 7 photos
  fr-eglise-evangelique-110: 4 photos
  first-christian-church-alvin: 1 photos
  christ-anglican-church-marietta: 8 photos
  glad-tidings-church-of-god-in-christ-cedartown: 8 photos
  crossroads-holy-church-of-god-hinesville: 6 photos
  cornerstone-baptist-church-brandon: 2 photos
  el-shaddai-international-weslaco: 8 photos
  new-life-temple-of-paris-paris: 4 photos
  sonlight-christian-center-richmond: 5 photos
  new-covenant-ministry-lancaster: 8 photos
  bible-baptist-church-of-jackson-heights-ny-jackson-heights: 8 photos
  macedonia-baptist-church-patterson: 1 photos
  grace-christian-center-anaheim: 5 photos
  mount-olive-baptist-church-galveston: 1 photos
  bayview-baptist-church-homestead: 4 photos
  christ-central-church-titusville: 8 photos
  mt-olive-baptist-church-mount-pleasant: 8 photos
  victory-baptist-church-douglasville: 1 photos
  camarillo-church-of-the-nazarene-camarillo: 4 photos
  open-door-baptist-church-grand-prairie: 4 photos
  spicewood-baptist-church-jacksonville: 8 photos
  church-of-god-assembly-astoria: 8 photos
  firnat-missionary-baptist-church-houston: 1 photos
  park-presbyterian-italy: 2 photos
  community-worship-church-houston: 8 photos
  longview-lighthouse-church-of-god-longview: 8 photos
  real-life-church-columbus: 8 photos
  cordova-neighborhood-church-rancho-cordova: 6 photos
  pleasant-union-baptist-church-edgewood: 4 photos
  new-life-united-pentecostal-church-levelland: 6 photos
  calvary-bible-church-venice: 8 photos
  shady-grove-baptist-church-north-richland-hills: 3 photos
  new-life-assembly-of-god-el-campo: 4 photos
  valley-community-church-sacramento: 8 photos
  parkway-baptist-hispanic-mission-lubbock: 7 photos
  lords-christian-center-auditorium-donna: 8 photos

Done. 194 churches updated, 893 photos mirrored to R2.
Raw archive: /Users/dpr/Code/Projekt/gospelmigration/data/places-raw/photos-run-2026-07-03.jsonl
Failures (325):
  - life-spring-community-church-canandaigua[0]: http_403
  - agape-international-ministries-hampton: no imageUrls
  - st-john-baptist-church-wichita-falls[0]: http_403
  - atkinson-church-god-prophecy-hortense[0]: http_403
  - glyndale-baptist-church-brunswick[0]: http_403
  - pentecostal-church-of-god-winter-haven[0]: http_403
  - spirit-of-god-christian-church-alpharetta[0]: http_403
  - north-citrus-christian-church-citrus-springs: no imageUrls
  - grace-baptist-temple-san-antonio[0]: http_403
  - deeper-life-bible-church-bronx[0]: http_403
  - antioch-missionary-baptist-church-oakland[0]: http_403
  - greater-providence-baptist-church-dallas[0]: http_403
  - long-island-alliance-church-dix-hills[0]: http_403
  - pinehurst-baptist-church-pinehurst[0]: http_403
  - new-birth-baptist-church-pensacola[0]: http_403
[loop] 2026-07-03 19:54:06 chunk 11 starting
Targets: 400 churches
maxImages=8, estimated Apify cost ~$4.00
Starting Apify compass~crawler-google-places for 390 place ids...
Run e3A335oBLNeEWrBRI, dataset B8XUkL4olsH7eev53
Dataset items: 390
  harbor-chapel-moss-landing: 4 photos
  harvest-baptist-church-dawsonville: 1 photos
  emmanuel-baptist-church-bronx: 5 photos
  ministerio-sirviendo-con-amor-cutler-bay: 6 photos
  ambassador-church-brea: 2 photos
  landmark-baptist-church-santa-rosa: 8 photos
  austin-baptist-church-austin: 7 photos
  dayspring-community-church-deland: 2 photos
  scenic-bay-baptist-church-pensacola: 6 photos
  church-of-god-seventh-day-galena-park: 3 photos
  wellborn-baptist-church-college-station: 8 photos
  vilott-baptist-church-whitesboro: 1 photos
  grace-community-church-pensacola: 5 photos
  first-christian-church-pleasant-hill: 8 photos
  prayer-house-church-of-god-rochester: 1 photos
  church-of-christ-roswell-roswell: 2 photos
  a-new-day-fellowship-church-temple: 1 photos
  lakeview-chapel-owego: 8 photos
  calvary-chapel-of-woodland-woodland: 4 photos
  deeper-life-bible-church-decatur: 8 photos
  congregational-church-centerport: 3 photos
  anthem-church-san-rafael: 8 photos
  community-church-the-bridge-clearwater: 3 photos
  centro-envagelistico-fuente-de-agua-viva-los-angeles: 8 photos
  shield-of-faith-christian-center-of-pasadena-pasadena: 4 photos
  full-gospel-tabernacle-brooklyn: 8 photos
  los-angeles-chinese-alliance-church-alhambra: 5 photos
  mission-vineyard-church-san-antonio: 7 photos
  wesleyan-church-angola: 5 photos
  life-way-fellowship-santa-maria: 4 photos
  southwest-park-baptist-church-abilene: 4 photos
  immanuel-baptist-church-fort-worth: 5 photos
  first-christian-church-disciples-of-christ-mineral-wells: 8 photos
  rosedale-bible-church-bakersfield: 5 photos
  mt-olive-baptist-church-woodstock: 3 photos
  living-bread-ministries-harbor-city: 8 photos
  reformed-church-of-huguenot-park-staten-island: 8 photos
  cross-roads-baptist-church-carnesville: 8 photos
  hope-community-fellowship-loganville: 8 photos
  assembly-of-god-loyalton: 2 photos
  la-luz-del-mundo-lubbock: 8 photos
  first-baptist-church-wolfe-city: 2 photos
  providence-presbyterian-church-temecula: 8 photos
  grace-baptist-church-pennellville: 5 photos
  pittsburg-avenue-baptist-church-llano: 3 photos
  georgia-avenue-church-of-god-kingsland: 2 photos
  rowlett-friendship-baptist-church-rowlett: 5 photos
  slavic-baptist-church-camillus: 8 photos
  fr-eglise-evangelique-baptiste-43: 8 photos
  ipul-cutler-bay-cutler-bay: 8 photos
  smith-temple-church-of-god-hiram: 6 photos
  fellowship-missionary-baptist-church-longview: 3 photos
  friendship-baptist-church-utica + friendship-baptist-church-paris: 1 photos
  baptist-church-bethlehem-carrollton + baptist-bethlehem-missionary-joaquin: 3 photos
  church-of-the-nazarene-sonoma-valley-sonoma: 8 photos
  covenant-community-church-vacaville: 8 photos
  fellowship-baptist-church-staten-island: 1 photos
  fr-eglise-evangelique-baptiste-de-fort-de-france: 5 photos
  bethany-chapel-brooklyn: 1 photos
  fr-eglise-protestante-evangelique-de-goussainville: 8 photos
  grace-baptist-church-kilgore: 7 photos
  fr-eglise-evangelique-112: 3 photos
  new-life-baptist-church-tallahassee: 3 photos
  five-points-baptist-church-bryan: 8 photos
  sunset-bible-assembly-of-god-san-francisco: 8 photos
  victory-outreach-church-fresno: 2 photos
  calvary-chapel-of-savannah-savannah: 4 photos
  heritage-baptist-church-pensacola: 2 photos
  syracuse-salt-of-the-earth-ministries-syracuse: 3 photos
  greater-bethany-baptist-church-jacksonville: 1 photos
  mount-moriah-baptist-church-dade-city: 2 photos
  crosspoint-baptist-church-santa-maria: 3 photos
  abiding-life-assembly-of-god-whitney: 5 photos
  good-samaritan-alliance-church-marietta: 7 photos
  tampabay-chinese-baptist-chu-pinellas-park: 1 photos
  trinity-bible-church-cypress: 2 photos
  johrei-fellowship-los-angeles: 1 photos
  anza-baptist-church-torrance: 2 photos
  trinity-fellowship-marietta: 7 photos
  mount-zion-baptist-church-beaumont: 3 photos
  fr-eglise-protestante-foursquare-re-naissance-2: 7 photos
  church-of-the-nazarene-pittsburg: 6 photos
  eastside-baptist-church-mulberry: 8 photos
  way-of-life-baptist-church-titusville: 1 photos
  missouri-avenue-baptist-church-clearwater: 4 photos
  new-town-baptist-church-texarkana: 4 photos
  church-of-the-nazarene-first-bonham: 8 photos
  rancho-vista-covenant-church-chula-vista: 8 photos
  bethany-reformed-church-albany: 4 photos
  deep-springs-baptist-church-dalton: 8 photos
  fellowship-baptist-church-winter-springs: 3 photos
  christ-apostolic-church-houston: 5 photos
  lively-hope-missionary-baptist-church-fulshear: 5 photos
  scipio-baptist-church-union-springs: 4 photos
  community-christian-fellowship-taft: 3 photos
  mt-pleasant-baptist-church-richmond: 4 photos
  saint-tabernacle-cogic-los-angeles: 1 photos
  greater-shiloh-church-of-god-in-christ-corpus-christi: 5 photos
  seaside-community-church-seaside: 8 photos
  ministerio-en-pos-de-cristo-mesquite: 8 photos
  culver-community-church-los-angeles: 8 photos
  bible-baptist-church-humble: 3 photos
  new-hope-baptist-church-lone-oak: 7 photos
  adi-vita: 7 photos
  mulberry-first-assembly-of-god-mulberry: 2 photos
  lincoln-street-baptist-church-dalhart: 5 photos
  blanchard-baptist-church-livingston: 5 photos
  greggton-first-baptist-church-longview: 8 photos
  first-christian-church-abilene: 3 photos
  solano-valley-church-fairfield: 8 photos
  community-bible-baptist-church-miami: 1 photos
  greater-new-hope-baptist-church-alvin: 1 photos
  christian-union-church-of-god-ashburn: 2 photos
  statesboro-primitive-baptist-statesboro: 2 photos
  carrollton-church-of-the-nazarene-carrollton: 4 photos
  college-park-baptist-church-orlando: 1 photos
  first-christian-church-ocala: 8 photos
  fr-eglise-evangelique-de-douai: 1 photos
  unity-baptist-church-jacksonville: 8 photos
  mount-pisgah-baptist-church-angleton: 3 photos
  ridley-temple-church-delray-beach: 7 photos
  flemington-baptist-church-micanopy: 5 photos
  jesus-of-christ-church-rochester: 1 photos
  central-baptist-church-lindale: 2 photos
  salem-gospel-tabernacle-brooklyn: 6 photos
  village-church-irvine: 8 photos
  first-saint-emanuel-baptist-church-of-freeport-freeport: 5 photos
  harvest-baptist-church-san-angelo: 3 photos
  first-baptist-church-yoakum: 8 photos
  revelation-apostolic-church-los-angeles: 6 photos
  mandarin-baptist-church-of-fernando-valley-northridge: 3 photos
  evangelical-formosan-church-garden-grove: 8 photos
  calvary-chapel-of-arlington-arlington: 8 photos
  palm-springs-baptist-church-palm-springs: 8 photos
  lone-oak-baptist-church-harleton: 2 photos
  lake-country-christian-church-waterloo: 8 photos
  panhandle-baptist-church-hampton: 1 photos
  calvary-baptist-church-gatesville: 2 photos
  baptist-tabernacle-tallapoosa: 5 photos
  holy-faith-missionary-baptist-church-miami-gardens: 2 photos
  heritage-baptist-church-arcadia: 8 photos
  fr-eglise-apostolique-3: 2 photos
  mount-salem-baptist-church-flowery-branch: 8 photos
  hosanna-assembly-of-god-brownsville: 8 photos
  norton-temple-church-of-god-in-christ-houston: 8 photos
  northpointe-assembly-of-god-plano: 8 photos
  the-bridge-foursquare-church-cloverdale: 8 photos
  korean-baptist-church-corpus-christi: 1 photos
  bible-way-heidenheimer: 1 photos
  church-of-god-new-boston: 8 photos
  ministerio-bautista-logos-long-beach: 3 photos
  mt-carmel-baptist-church-lufkin: 2 photos
  adi-mantova: 8 photos
  trinity-tabernacle-assembly-of-god-baytown: 3 photos
  trinity-baptist-church-thomaston: 7 photos
  neighborhood-assembly-of-god-bellmore: 1 photos
  clay-hill-baptist-church-jacksonville: 2 photos
  tabernacle-baptist-church-lubbock: 3 photos
  willow-creek-bible-church-willow-creek: 3 photos
  calvary-baptist-church-bryan: 8 photos
  frontier-baptist-missions-inc-santa-rosa: 8 photos

Done. 163 churches updated, 776 photos mirrored to R2.
Raw archive: /Users/dpr/Code/Projekt/gospelmigration/data/places-raw/photos-run-2026-07-03.jsonl
Failures (338):
  - believer-s-baptist-church-emory: no imageUrls
  - mount-olive-baptist-church-pastorium-live-oak: no imageUrls
  - first-christian-church-canyon-country[0]: http_403
  - south-haven-baptist-church-hephzibah: no imageUrls
  - grace-international-church-jacksonville[0]: http_403
  - community-baptist-church-nice[0]: http_403
  - new-beginning-baptist-church-edgewood[0]: http_403
  - house-of-deliverance-church-houston[0]: http_403
  - first-christian-church-lake-butler[0]: http_403
  - peoples-baptist-church-tucker[0]: http_403
  - first-pentecostal-church-god-huffman[0]: http_403
  - rescue-baptist-church-rescue: no imageUrls
  - southside-baptist-church-paris[0]: http_403
  - evangelical-baptist-church-study-buffalo[0]: http_403
  - cedar-creek-baptist-church-jacksonville[0]: http_403
[loop] 2026-07-03 20:01:17 chunk 12 starting
Targets: 400 churches
maxImages=8, estimated Apify cost ~$4.00
Starting Apify compass~crawler-google-places for 389 place ids...
Run CszzRM04xMggcWhLA, dataset NAgx9ZB6eqm5r3BvX
Dataset items: 389
  grace-community-bible-church-burney: 1 photos
  new-heart-foursquare-church-covina: 2 photos
  grace-bible-chapel-san-antonio: 4 photos
  pleasant-valley-baptist-church-geneseo: 5 photos
  harps-crossing-baptist-church-at-hollonville-williamson: 4 photos
  gospel-outreach-church-eureka: 5 photos
  the-church-of-god-by-faith-fort-lauderdale: 2 photos
  grace-temple-baptist-church-san-angelo: 1 photos
  alfred-almond-bible-church-almond: 3 photos
  new-jerusalem-missionary-baptist-church-duarte: 2 photos
  first-baptist-church-of-turlock-turlock: 1 photos
  lakeside-baptist-church-perry: 2 photos
  restoration-life-church-marietta: 8 photos
  warren-avenue-christian-church-dallas: 3 photos
  faith-community-church-saint-johns: 2 photos
  reliance-baptist-church-bryan: 1 photos
  korean-central-baptist-church-of-orlando-orlando: 8 photos
  cypress-missionary-baptist-church-sacramento: 4 photos
  shiloh-apostolic-church-brooklyn: 6 photos
  charity-baptist-church-homer: 8 photos
  light-evangelical-church-buena-park: 8 photos
  calvary-baptist-church-la-puente: 4 photos
  christ-centered-christian-center-ennis: 6 photos
  three-steeples-united-waterville: 8 photos
  first-christian-church-denison: 7 photos
  blue-lake-baptist-church-chipley: 2 photos
  good-news-baptist-church-katy: 2 photos
  prayer-praise-ministries-ontario: 1 photos
  discovery-baptist-church-monroe: 8 photos
  christ-center-baptist-church-marshall: 6 photos
  bethel-missionary-baptist-church-pasadena: 7 photos
  st-gregory-church-fowler: 7 photos
  iglesia-de-dios-nuevo-comienzo-ocoee: 8 photos
  faith-presbyterian-church-merritt-island: 5 photos
  redemption-hill-baptist-church-albany: 3 photos
  bellevue-reformed-church-schenectady: 1 photos
  first-haitain-baptist-church-palmetto: 2 photos
  loleta-community-free-church-loleta: 5 photos
  calvary-chapel-stafford: 8 photos
  fr-eglise-protestante-evangelique-de-beauvais + fr-eglise-evangelique-tzigane-24: 8 photos
  church-of-god-by-faith-miami-gardens + faith-truth-and-deliverance-church-of-god-by-faith-inc-miami-gardens: 8 photos
  dayspring-austin: 1 photos
  living-hope-fellowship-winter-park: 6 photos
  whispering-pines-baptist-church-hephzibah: 3 photos
  morningside-missionary-baptist-church-fort-worth: 6 photos
  connecting-point-church-east-greenbush: 1 photos
  iglesia-ni-cristo-livermore: 3 photos
  the-church-of-god-and-saints-christ-inc-brooklyn: 2 photos
  grace-fellowship-dixon: 5 photos
  hillcrest-baptist-church-vallejo: 1 photos
  grace-bible-church-escondido: 2 photos
  grace-christian-center-oceanside: 1 photos
  church-of-god-by-faith-fitzgerald: 6 photos
  long-branch-church-of-god-garfield: 4 photos
  ellaville-baptist-church-ellaville: 8 photos
  bloomfield-baptist-church-macon: 5 photos
  greater-first-baptist-church-anderson: 2 photos
  redeemer-baptist-church-riverside: 3 photos
  crown-valley-community-church-acton: 8 photos
  rock-springs-baptist-church-dublin: 2 photos
  mariners-temple-new-york: 8 photos
  three-rivers-community-church-san-marcos: 4 photos
  true-light-baptist-church-tyler: 2 photos
  calvary-temple-orange: 2 photos
  assembly-of-god-redwood-valley-redwood-valley: 2 photos
  fellowship-baptist-church-los-angeles: 5 photos
  fr-eglise-nouveau-depart: 5 photos
  new-beginnings-church-bay-area-league-city: 6 photos
  restoring-the-years-ministries-marietta: 1 photos
  apostolic-assembly-azusa: 8 photos
  unity-baptist-church-atlanta: 2 photos
  blasdell-gospel-chapel-buffalo: 5 photos
  faith-assembly-of-god-buda: 1 photos
  christ-trumpeters-church-irving: 2 photos
  christ-to-the-nations-cocoa: 2 photos
  first-baptist-church-palos-verdes-peninsula: 8 photos
  northside-baptist-church-burnet: 4 photos
  iglesia-de-cristo-ministerios-conroe: 8 photos
  impacting-a-generation-covenant-church-east-point: 8 photos
  bible-baptist-church-williamson: 2 photos
  indiana-ave-church-of-christ-weslaco: 8 photos
  collier-chapel-baptist-church-karnack: 1 photos
  park-heights-assembly-of-god-tyler: 2 photos
  templo-el-oasis-foursquare-church-lancaster: 1 photos
  antioch-baptist-church-plant-city: 4 photos
  calvary-alameda-alameda: 2 photos
  spencerport-bible-church-spencerport: 1 photos
  faith-baptist-church-palatka: 8 photos
  central-baptist-church-arlington: 8 photos
  calvary-chapel-stockton: 4 photos
  coastside-baptist-church-half-moon-bay: 1 photos
  vietnamese-baptist-church-arlington: 8 photos
  clairette-baptist-church-hico: 1 photos
  saint-george-church-of-god-saint-george: 8 photos
  bethel-baptist-church-new-smyrna-beach: 7 photos
  first-baptist-church-green-cove-springs: 3 photos
  bread-of-life-christian-center-carson: 2 photos
  iglesia-bautista-su-gracia-deerfield-beach: 5 photos
  fr-eglise-de-dieu-12: 8 photos
  mount-moriah-baptist-church-riverside: 3 photos
  johntown-missionary-baptist-church-bogata: 5 photos
  shaw-temple-ame-zion-church-fort-lauderdale: 2 photos
  canvas-christian-church-cumming: 5 photos
  st-john-baptist-church-longview: 2 photos
  bethel-chapel-missionary-baptist-church-pineland: 3 photos
  calvary-community-church-vallejo: 8 photos
  movement-of-spiritual-inner-awareness-santa-monica: 8 photos
  baptist-general-convention-of-texas-dallas: 2 photos
  west-end-church-of-god-in-christ-san-antonio: 8 photos
  church-of-god-mckinney: 1 photos
  new-apostolic-church-north-richland-hills: 8 photos
  iglesia-christiana-monte-de-sion-greenacres: 8 photos
  orangefield-pentecostal-church-bridge-city: 4 photos
  westview-baptist-church-douglasville: 8 photos
  blue-point-bible-church-blue-point: 6 photos
  bethany-christian-center-stockton: 6 photos
  assembly-of-god-fritch: 8 photos
  bellview-baptist-church-rockmart: 6 photos
  greater-macedonia-missionary-baptist-church-dublin: 1 photos
  first-baptist-church-of-marlow-guyton: 3 photos
  lockport-life-church-assembly-of-god-lockport: 2 photos
  geneva-hispanic-church-of-god-geneva: 5 photos
  holy-temple-church-of-god-in-christ-panama-city: 3 photos
  first-baptist-church-jamestown: 8 photos
  first-christian-church-west-palm-beach: 2 photos
  life-community-baptist-church-rosenberg: 3 photos
  apostolic-faith-mission-oceanside: 6 photos
  holy-temple-church-of-god-in-christ-buckholts: 8 photos
  souls-harbor-pentecostal-church-texarkana: 8 photos
  olive-branch-baptist-church-axtell: 2 photos
  first-assembly-of-god-church-bogata: 4 photos
  1st-assembly-of-god-fulton: 5 photos
  alliance-bible-church-baytown: 6 photos
  crossroads-baptist-church-mcallen: 3 photos
  antioch-missionary-baptist-chr-hughes-springs: 2 photos
  christian-hope-congregational-holiness-church-warner-robins: 2 photos
  crutchfield-heights-baptist-sherman: 6 photos
  mountain-view-mennonite-church-upland: 8 photos
  hope-christian-church-northridge: 8 photos

Done. 141 churches updated, 618 photos mirrored to R2.
Raw archive: /Users/dpr/Code/Projekt/gospelmigration/data/places-raw/photos-run-2026-07-03.jsonl
Failures (354):
  - emmanuel-baptist-church-pittsburg: no imageUrls
  - unmatched placeId 
  - faith-fountain-baptist-church-riverdale: no imageUrls
  - victory-fellowship-san-antonio[0]: http_403
  - liberty-baptist-church-san-antonio: no imageUrls
  - park-avenue-missionary-baptist-riverside[0]: http_403
  - bible-enrichment-fellowship-international-inglewood[0]: http_403
  - living-waters-of-chino-chino[0]: http_403
  - pinnacle-baptist-church-griffin[0]: http_403
  - bible-baptist-church-crystal-river[0]: http_403
  - mount-olive-baptist-church-waelder[0]: http_403
  - rebecca-creek-baptist-church-spring-branch: no imageUrls
  - first-new-christian-fe-los-angeles[0]: http_403
  - shiloh-baptist-church-of-orlando-orlando[0]: http_403
  - gospel-of-jesus-christ-beaumont[0]: http_403
[loop] 2026-07-03 20:07:34 chunk 13 starting
Targets: 400 churches
maxImages=8, estimated Apify cost ~$4.00
Starting Apify compass~crawler-google-places for 385 place ids...
Run QFqdBUPtjGwV43wby, dataset iLo3ePzZf6pcpadRy
Dataset items: 385
  new-hope-baptist-church-bowie: 2 photos
  cornerstone-fellowship-anderson: 2 photos
  cherokee-baptist-church-gilmer: 5 photos
  fr-eglise-evangelique-libre-9: 7 photos
  sugar-creek-church-offices-sugar-land: 8 photos
  persimmon-church-of-god-clayton: 8 photos
  marietta-community-church-marietta: 5 photos
  king-s-way-baptist-church-orlando: 1 photos
  oak-grove-missionary-baptist-ore-city: 1 photos
  glenwood-first-baptist-church-gilmer: 3 photos
  lowville-baptist-church-lowville: 4 photos
  lifepointe-church-of-nazarene-covington: 5 photos
  liberty-fellowship-atwater: 1 photos
  hillview-baptist-church-henderson: 2 photos
  grace-community-church-princeton: 4 photos
  first-baptist-church-quanah: 6 photos
  windows-to-the-soul-spiritual-monterey: 8 photos
  first-baptist-church-neches-neches: 3 photos
  calvary-s-hill-baptist-church-georgetown: 7 photos
  limestone-baptist-church-cochran: 8 photos
  first-chinese-baptist-church-atlanta-duluth: 2 photos
  eternal-light-pentecostal-church-borger: 7 photos
  riverview-missionary-baptist-church-coeymans: 8 photos
  calvary-chapel-oroville: 4 photos
  permanent-mission-of-the-islam-new-york: 1 photos
  first-baptist-church-bloomington: 8 photos
  first-baptist-church-springville: 7 photos
  first-baptist-church-ferris: 1 photos
  jesus-people-victorious-living-church-fort-lauderdale: 1 photos
  providence-baptist-church-rome: 2 photos
  temple-heights-baptist-church-tampa: 3 photos
  good-shepherd-church-of-god-in-christ-inc-corona: 8 photos
  greater-friendly-baptist-jacksonville: 8 photos
  covenant-baptist-church-denton: 3 photos
  cedar-fork-baptist-church-trinidad: 5 photos
  church-of-christ-denton: 2 photos
  rising-sun-baptist-church-beaumont: 4 photos
  antioch-baptist-church-new-boston: 2 photos
  red-spring-missionary-baptist-church-tyler: 8 photos
  el-shaddai-world-evangelism-sacramento: 2 photos
  fr-eglise-evangelique-tzigane-17: 3 photos
  grace-baptist-church-harlingen: 8 photos
  st-mary-s-community-church-plant-city: 8 photos
  central-baptist-church-of-bedford-bedford: 2 photos
  formosan-christian-church-plano: 5 photos
  church-of-god-of-prophecy-mount-pleasant + church-of-god-of-prophecy-post + church-of-god-of-prophecy-riverdale + church-of-god-of-prophecy-fontana + church-of-god-of-prophecy-allegany: 8 photos
  first-baptist-church-owego: 8 photos
  providence-baptist-church-plantation: 8 photos
  constantia-center-baptist-bernhards-bay: 1 photos
  prairie-view-baptist-chapel-amarillo: 2 photos
  church-of-god-saints-christ-jacksonville: 6 photos
  philadelphia-baptist-church-forsyth: 7 photos
  fellowship-bible-church-orlando: 3 photos
  original-first-african-baptist-church-statesboro: 5 photos
  antioch-baptist-church-dalhart: 8 photos
  temple-baptist-church-midland: 4 photos
  first-baptist-church-santa-maria: 7 photos
  landmark-baptist-church-cushing: 4 photos
  grace-bible-church-redwood-city: 8 photos
  tuscarora-baptist-church-addison: 4 photos
  gardens-presbyterian-church-palm-beach-gardens: 4 photos
  first-christian-church-el-paso: 8 photos
  calvary-mexican-baptist-church-san-antonio: 8 photos
  first-church-of-god-sarasota: 8 photos
  harvest-point-church-nacogdoches: 2 photos
  destiny-christian-church-inc-niagara-falls + destiny-christian-church-niagara-falls: 4 photos
  amber-congregational-church-marietta: 2 photos
  mount-zion-baptist-church-macon + mount-zion-southern-baptist-church-macon: 7 photos
  forest-heights-baptist-church-athens: 3 photos
  congregational-church-patchogue: 6 photos
  greater-st-luke-church-san-diego: 2 photos
  freedom-tabernacle-cogic-paris: 8 photos
  first-baptist-church-louisville: 7 photos
  calvary-chapel-of-julian-julian: 8 photos
  pinehill-baptist-church-eureka: 2 photos
  chapel-falls-christian-wappingers-falls: 6 photos
  winners-worship-center-tampa: 8 photos
  iglesia-bautista-el-calvario-atlanta: 3 photos
  richmond-hill-presbyterian-church-richmond-hill: 8 photos
  new-life-open-bible-church-san-jacinto: 8 photos
  occidental-community-church-occidental: 8 photos
  mt-gilead-baptist-church-italy: 1 photos
  assembly-of-god-lone-oak: 7 photos
  good-hope-baptist-church-dunkirk: 8 photos
  salt-city-church-college-station: 8 photos
  fr-eglise-protestante-baptiste-10: 7 photos
  adi-crema: 1 photos
  fr-assemblee-de-dieu-71: 2 photos
  grace-baptist-church-conroe: 1 photos
  church-of-god-by-faith-yulee: 1 photos
  ramona-southern-baptist-church-ramona: 8 photos
  all-nations-church-sylmar: 5 photos
  the-rock-church-valdosta: 2 photos
  conway-avenue-baptist-church-mission: 8 photos
  fr-eglise-evangelique-tzigane-163: 1 photos
  first-baptist-church-cotulla: 1 photos
  first-assembly-of-god-snyder: 2 photos
  greenwood-baptist-church-slidell: 7 photos
  highview-bible-church-clovis: 3 photos
  antioch-church-of-god-in-christ-san-diego: 1 photos
  ecclesia-kirche-campus-munchen: 5 photos
  assembly-of-god-church-alpine: 8 photos
  vallejo-bible-church-vallejo: 3 photos
  foothill-christian-napa: 8 photos
  landmark-baptist-church-woodway: 7 photos
  pentecostal-holiness-church-corpus-christi: 8 photos

Done. 112 churches updated, 518 photos mirrored to R2.
Raw archive: /Users/dpr/Code/Projekt/gospelmigration/data/places-raw/photos-run-2026-07-03.jsonl
Failures (356):
  - emmanuel-baptist-church-pittsburg: no imageUrls
  - unmatched placeId 
  - liberty-baptist-church-san-antonio: no imageUrls
  - fountain-of-faith-missionary-baptist-church-riverdale: no imageUrls
  - victory-fellowship-san-antonio[0]: http_403
  - living-waters-of-chino-chino[0]: http_403
  - bible-baptist-church-crystal-river[0]: http_403
  - park-avenue-missionary-baptist-riverside[0]: http_403
  - shiloh-baptist-church-of-orlando-orlando[0]: http_403
  - pinnacle-baptist-church-griffin[0]: http_403
  - mount-olive-baptist-church-waelder[0]: http_403
  - first-baptist-church-lincoln-tampa[0]: http_403
  - gospel-of-jesus-christ-beaumont[0]: http_403
  - rebecca-creek-baptist-church-spring-branch: no imageUrls
  - bethlehem-temple-inc-los-angeles[0]: http_403
[loop] 2026-07-03 20:13:04 chunk 14 starting
Targets: 400 churches
maxImages=8, estimated Apify cost ~$4.00
Starting Apify compass~crawler-google-places for 390 place ids...
Run NUpAOpFVKu81MFlfd, dataset eqNXumAl55cyBgtud
Dataset items: 390
  pentecostal-church-of-god-shafter: 1 photos
  bethel-temple-church-of-god-in-christ-nacogdoches: 6 photos
  berachah-baptist-church-temple: 6 photos
  iglesia-pentecostes-el-buen-pharr: 7 photos
  first-congregational-church-oroville: 8 photos
  reformed-church-of-saugerties-saugerties: 1 photos
  tennille-grove-baptist-church-tennille: 1 photos
  community-baptist-church-riviera: 8 photos
  spirit-of-joy-lutheran-church-ramona: 1 photos
  lake-hills-community-church-castaic: 8 photos
  adi-cariati: 7 photos
  fellowship-baptist-church-marble-falls: 5 photos
  reformed-church-of-schoharie-schoharie: 2 photos
  bullard-southern-baptist-church-bullard: 1 photos
  north-bryan-baptist-church-bryan: 8 photos
  christian-life-church-poughkeepsie: 8 photos
  new-beginning-baptist-church-wimauma: 4 photos
  miracle-faith-baptist-church-emory: 4 photos
  lydia-missionary-baptist-church-shelbyville: 5 photos
  oneida-baptist-church-oneida: 4 photos
  fr-eglise-foursquare-maison-de-grace-6: 8 photos
  troup-baptist-association-lagrange: 8 photos
  first-community-baptist-church-diboll: 7 photos
  lampasas-baptist-church-lampasas: 2 photos
  second-baptist-church-abilene: 5 photos
  calvary-baptist-church-larkspur: 8 photos
  north-dallas-family-church-carrollton: 3 photos
  bethel-assembly-of-god-devine: 8 photos
  holy-cross-anglican-church-alpine: 8 photos
  first-christian-church-ramona: 7 photos
  pentecostalchurch-of-god-bradenton: 3 photos
  christ-church-anglican-mission-hanford: 8 photos
  the-church-of-god-7th-day-mount-vernon-ny-mount-vernon: 6 photos
  pentecostal-church-of-jesus-christ-belton: 2 photos
  pleasant-hill-baptist-church-nacogdoches + pleasant-hill-missionary-baptist-church-nacogdoches: 8 photos
  baptist-friendship-terrell: 2 photos
  shalom-hebraic-christian-congregation-kingwood: 6 photos
  st-stephen-community-church-desoto: 7 photos
  mauriceville-assembly-of-god-orange: 8 photos
  first-baptist-church-of-port-tampa-tampa: 1 photos
  lamb-of-god-christian-church-columbus: 8 photos
  antioch-baptist-church-gilmer: 4 photos
  fredonia-baptist-church-fredonia: 8 photos
  bold-pilgrim-baptist-church-kaufman: 1 photos
  calvary-baptist-church-pastorium-gray: 5 photos
  rocky-creek-baptist-church-forsyth: 1 photos
  bethany-baptist-church-cushing: 1 photos
  landmark-missionary-baptist-church-freedom: 7 photos
  north-tonawanda-church-of-the-nazarene-north-tonawanda: 7 photos
  dalton-first-church-of-the-nazarene-dalton: 3 photos
  rock-faith-missionary-baptist-converse: 7 photos
  gospel-temple-upc-cleveland: 1 photos
  church-of-the-nazarene-gun-barrel-city: 1 photos
  zoe-baptist-church-conley: 2 photos
  christoval-baptist-church-christoval: 4 photos
  church-dean-baptist-tyler: 8 photos
  sunray-baptist-church-sunray: 8 photos
  first-baptist-church-okahumpka: 1 photos
  greater-rock-springs-baptist-church-keller: 2 photos
  harwood-terrace-baptist-church-bedford: 2 photos
  gladewater-baptist-church-mount-pleasant: 2 photos
  metrocrest-community-church-coppell: 8 photos
  mount-sinai-dallas: 2 photos
  heritage-baptist-church-melbourne: 2 photos
  shinnecock-presbyterian-church-southampton: 1 photos
  fr-eglise-evangelique-la-bonne-nouvelle-3: 2 photos
  templo-pentecostal-monte-santo-channelview: 6 photos
  north-point-community-church-woodstock: 8 photos
  fr-eglise-evangelique-le-refuge-2: 1 photos
  life-touch-baptist-church-irving: 3 photos
  free-spirit-fellowship-ballston-spa: 3 photos
  rehoboth-baptist-church-griffin: 1 photos
  gatesville-church-of-christ-gatesville: 4 photos
  mount-olive-baptist-church-edna: 5 photos
  reformed-church-of-riverside-riverside: 7 photos
  center-street-church-of-christ-sherman: 4 photos
  lighthouse-baptist-fellowship-mesquite: 8 photos
  calvary-christian-center-waverly: 7 photos

Done. 79 churches updated, 365 photos mirrored to R2.
Raw archive: /Users/dpr/Code/Projekt/gospelmigration/data/places-raw/photos-run-2026-07-03.jsonl
Failures (370):
  - pentecostal-church-of-god-winter-haven[0]: http_403
  - agape-international-ministries-hampton: no imageUrls
  - glyndale-baptist-church-brunswick[0]: http_403
  - st-john-baptist-church-wichita-falls[0]: http_403
  - atkinson-church-god-prophecy-hortense[0]: http_403
  - new-birth-baptist-church-pensacola[0]: http_403
  - life-spring-community-church-canandaigua[0]: http_403
  - grace-baptist-temple-san-antonio[0]: http_403
  - spirit-of-god-christian-church-alpharetta[0]: http_403
  - long-island-alliance-church-dix-hills[0]: http_403
  - faith-baptist-church-chandler[0]: http_403
  - greater-providence-baptist-church-dallas[0]: http_403
  - north-citrus-christian-church-citrus-springs: no imageUrls
  - pinehurst-baptist-church-pinehurst[0]: http_403
  - deeper-life-bible-church-bronx[0]: http_403
[loop] 2026-07-03 20:17:42 chunk 15 starting
Targets: 400 churches
maxImages=8, estimated Apify cost ~$4.00
Starting Apify compass~crawler-google-places for 391 place ids...
Run S8PijGCcgj2tbuKfN, dataset iBdhkYhV8rxRjOIaL
Dataset items: 391
  triumph-christian-center-sulphur-springs: 2 photos
  gateway-baptist-church-cleveland: 2 photos
  carmel-church-woodstock: 3 photos
  st-basil-greek-melkite-catholic-church-utica: 7 photos
  aberlena-baptist-church-macon: 6 photos
  hamptons-church-wainscott: 8 photos
  cheatham-hill-baptist-church-marietta: 8 photos
  gospelhouse-donauworth: 1 photos
  ridgecrest-baptist-church-new-windsor: 8 photos
  bethel-nazarene-church-lowville: 1 photos
  great-commission-fellowship-center-kissimmee: 2 photos
  harmony-baptist-church-hallsville: 5 photos
  hmong-new-hope-alliance-church-auburn: 8 photos
  iglesia-de-dios-san-antonio: 8 photos
  inyokern-baptist-inyokern: 2 photos
  raymond-community-church-raymond: 3 photos
  mount-pleasant-baptist-church-jefferson: 4 photos
  cambrian-park-church-nazarene-san-jose: 8 photos
  chambers-creek-baptist-church-grandview: 5 photos
  greater-new-friendship-dublin: 1 photos
  trinity-assembly-of-god-corsicana: 1 photos
  fr-eglise-evangelique-le-refuge: 1 photos
  life-covenant-church-torrance: 1 photos
  faith-christian-fellowship-church-borger: 8 photos
  first-christian-church-lexington: 4 photos
  new-horizons-assembly-of-god-grand-saline: 3 photos
  mosaic-church-tallahassee: 8 photos
  life-church-virginia: 8 photos
  pinole-valley-community-church-pinole: 1 photos
  nevils-trinity-baptist-church-nevils: 7 photos
  mt-calvary-missionary-baptist-church-valdosta: 6 photos
  lifepointe-fallbrook-fallbrook: 2 photos
  a-place-of-refuge-thomaston: 1 photos
  the-equipping-church-bryan: 6 photos
  first-baptist-church-campbell-campbell: 3 photos
  mt-tabor-community-missionary-baptist-church-los-angeles: 6 photos
  friendship-baptist-church-corning: 7 photos
  cornerstone-baptist-church-pampa: 1 photos
  cheektowaga-community-baptist-church-buffalo: 8 photos
  first-baptist-church-westbury: 8 photos
  rccg-house-of-hope-orlando-redeemed-christian-church-of-god-altamonte-springs: 8 photos
  heart-of-worship-dade-city: 1 photos
  first-church-of-christ-scientist-pasadena: 8 photos
  mt-vernon-church-of-god-7th-mount-vernon: 6 photos
  fr-centre-de-levangile: 8 photos
  old-saratoga-reformed-church-schuylerville: 5 photos
  freedom-road-bible-church-walden: 6 photos
  equmeniakyrkan-liared: 8 photos
  college-station-baptist-church-college-station: 2 photos
  triumphant-life-church-endwell: 8 photos
  calvary-baptist-church-decatur: 5 photos
  ida-baptist-church-sherman: 1 photos
  seagoville-road-baptist-church-balch-springs: 3 photos
  abundant-harvest-baptist-church-saint-marys: 8 photos
  clairmont-baptist-church-atlanta: 2 photos
  white-oak-arp-church-senoia: 1 photos
  country-bible-church-brenham: 3 photos
  janlee-baptist-church-burkburnett: 2 photos
  beverly-blvd-foursquare-church-montebello: 8 photos
  heights-baptist-church-pensacola: 1 photos
  new-day-church-paso-robles: 3 photos
  abundant-life-church-san-marcos: 8 photos
  adonai-malayalam-church-munich: 8 photos
  grace-church-of-lockeford-lockeford: 8 photos
  emmanuel-baptist-church-albany: 6 photos
  glen-baptist-church-watkins-glen: 8 photos

Done. 66 churches updated, 317 photos mirrored to R2.
Raw archive: /Users/dpr/Code/Projekt/gospelmigration/data/places-raw/photos-run-2026-07-03.jsonl
Failures (373):
  - calvary-baptist-church-odessa: no imageUrls
  - fr-armee-du-salut-3[0]: http_403
  - trinity-baptist-church-milton[0]: http_403
  - christ-alive-christian-center-bronx[0]: http_403
  - madison-street-baptist-church-starke[0]: http_403
  - canaan-baptist-church-gainesville[0]: http_403
  - hoosic-valley-community-church-schaghticoke[0]: http_403
  - el-bethel-baptist-church-houston[0]: http_403
  - victorious-life-church-spring-hill[0]: http_403
  - first-baptist-sweetwater-orlando: no imageUrls
  - revival-center-church-of-god-onalaska[0]: http_403
  - calvary-baptist-church-jacksonville: no imageUrls
  - st-johns-missionary-baptist-church-tallahassee[0]: http_403
  - mt-moriah-baptist-church-inc-miami[0]: http_403
  - duval-station-baptist-church-jacksonville[0]: http_403
[loop] 2026-07-03 20:22:40 chunk 16 starting
Targets: 400 churches
maxImages=8, estimated Apify cost ~$4.00
Starting Apify compass~crawler-google-places for 390 place ids...
Run Vn4GJDpNFcOAKPFk6, dataset eNS9HO0el9Casd6v1
Dataset items: 390
  camino-de-paz-fort-worth: 1 photos
  fr-eglise-evangelique-baptiste-52: 1 photos
  assemblies-of-the-first-born-white-plains: 1 photos
  grace-baptist-church-dublin: 2 photos
  first-baptist-church-corrigan: 1 photos
  fr-assemblee-2: 2 photos
  st-phillip-baptist-church-celina: 2 photos
  apostolic-christian-church-pasadena: 3 photos
  speegleville-baptist-church-woodway: 5 photos
  big-spring-first-church-of-nazarene-big-spring: 6 photos
  el-mesias-baptist-church-corpus-christi: 4 photos
  calvary-chapel-of-orange-park-orange-park: 1 photos
  sisters-baptist-church-sandersville: 1 photos
  first-baptist-church-itasca: 6 photos
  reformed-church-cortlandtown-montrose: 1 photos
  assembly-of-god-church-troup: 1 photos
  fr-centre-de-restauration-et-de-guerison: 3 photos
  dallas-chin-baptist-church-dallas: 3 photos
  placer-heights-baptist-church-placerville: 2 photos
  holy-truth-ministries-longview: 3 photos
  christian-heritage-church-lake-city: 1 photos
  apostolic-worship-opa-locka: 8 photos
  trinity-baptist-church-dawsonville: 2 photos
  colfax-baptist-church-ben-wheeler: 6 photos
  the-reformed-church-of-tarrytown-yonkers: 8 photos
  fr-eglise-evangelique-tzigane-114: 2 photos
  church-of-god-hahira: 1 photos
  wayne-avenue-baptist-church-lubbock: 5 photos
  riverpointe-baptist-church-conroe + river-pointe-baptist-church-conroe: 8 photos
  country-bible-church-kaufman: 3 photos
  first-baptist-church-hawley: 1 photos
  verona-baptist-church-blue-ridge: 1 photos
  adi-castellaneta: 8 photos
  iglesia-del-valle-santa-pentecostal-san-juan: 7 photos
  saint-john-s-baptist-church-kilgore: 8 photos
  first-baptist-community-monte-sereno: 7 photos
  iglesia-del-pueblo-conroe: 8 photos
  southside-baptist-church-wichita-falls: 3 photos
  church-of-god-seventh-day-south-miami-homestead: 4 photos
  calvary-baptist-church-pulaski: 3 photos
  northeast-baptist-church-southlake: 1 photos
  allegany-baptist-church-bolivar: 1 photos
  seekers-bible-fellowship-riverside: 8 photos
  faith-tabernacle-pentecostal-vidor: 4 photos
  utopia-baptist-church-utopia: 8 photos
  1st-missionary-baptist-church-okeechobee: 2 photos
  potter-s-temple-first-born-church-of-living-god-panama-city: 1 photos
  mt-moriah-baptist-church-pembroke: 8 photos
  adi-napoli-chiaiano: 5 photos
  tappan-reformed-church-tappan: 6 photos
  faith-temple-church-of-god-and-christ-san-francisco: 8 photos

Done. 52 churches updated, 195 photos mirrored to R2.
Raw archive: /Users/dpr/Code/Projekt/gospelmigration/data/places-raw/photos-run-2026-07-03.jsonl
Failures (384):
  - life-spring-community-church-canandaigua[0]: http_403
  - agape-international-ministries-hampton: no imageUrls
  - st-john-baptist-church-wichita-falls[0]: http_403
  - palmetto-avenue-baptist-church-sanford[0]: http_403
  - atkinson-church-god-prophecy-hortense[0]: http_403
  - deeper-life-bible-church-bronx[0]: http_403
  - spirit-of-god-christian-church-alpharetta[0]: http_403
  - new-birth-baptist-church-pensacola[0]: http_403
  - pinehurst-baptist-church-pinehurst[0]: http_403
  - greater-providence-baptist-church-dallas[0]: http_403
  - long-island-alliance-church-dix-hills[0]: http_403
  - north-citrus-christian-church-citrus-springs: no imageUrls
  - faith-baptist-church-chandler[0]: http_403
  - antioch-missionary-baptist-church-oakland[0]: http_403
  - grace-baptist-temple-san-antonio[0]: http_403
[loop] 2026-07-03 20:26:50 chunk 17 starting
Targets: 400 churches
maxImages=8, estimated Apify cost ~$4.00
Starting Apify compass~crawler-google-places for 391 place ids...
Run duP5wmVaPtgNIJ4Lj, dataset zWnRA0eKwjAMG3aV5
Dataset items: 391
  pleasant-hill-baptist-church-terrell: 1 photos
  shilo-baptist-church-rosenberg: 1 photos
  allegany-baptist-church-allegany: 1 photos
  eureka-baptist-church-albany: 1 photos
  brandon-s-drive-thru-mission: 1 photos
  great-oaks-baptist-church-richmond: 2 photos
  millville-community-baptist-church-millville: 2 photos
  san-jose-christian-assembly-milpitas: 3 photos
  iglesia-de-dios-pentecostal-m-i-schenectady: 8 photos
  first-christian-church-pecos: 4 photos
  pine-springs-baptist-church-tyler: 7 photos
  beginning-word-ministry-lawrenceville: 8 photos
  fr-la-foi-victorieuse: 3 photos
  first-church-of-the-nazarene-binghamton: 2 photos
  first-southern-baptist-church-sanger: 2 photos
  grangerland-church-of-christ-conroe: 8 photos
  mt-calvary-baptist-church-valdosta: 6 photos
  church-of-the-nazarene-atlanta: 8 photos
  korean-first-baptist-church-sn-daly-city: 2 photos
  calvary-chapel-highland-highland: 1 photos
  primera-iglesia-bautista-deer-park: 8 photos
  pleasant-hill-missionary-baptis-whitney: 1 photos
  abilene-bible-church-abilene: 3 photos
  first-baptist-church-west-point: 8 photos
  mount-tabor-missionary-baptist-church-leesburg: 8 photos
  crossroads-community-church-mission-viejo: 1 photos
  silver-creek-church-of-god-silver-creek: 3 photos
  whispering-pines-baptist-church-conroe: 2 photos
  first-assembly-of-god-icommunitychurch-killeen: 8 photos
  greens-tabernacle-baptist-church-macon: 2 photos
  first-baptist-church-new-caney-new-caney: 3 photos
  damascus-baptist-church-appling: 5 photos
  greater-shiloh-baptist-church-tyler: 1 photos
  jamestown-church-of-the-nazarene-jamestown: 1 photos
  new-hope-baptist-church-amarillo: 8 photos
  crossroad-ministries-gardena: 8 photos
  assembly-of-god-church-overton: 4 photos
  friendship-baptist-church-friendship-liberty: 6 photos
  understanding-principles-for-better-living-church-inglewood: 8 photos
  grace-church-of-marin-san-anselmo: 8 photos

Done. 40 churches updated, 167 photos mirrored to R2.
Raw archive: /Users/dpr/Code/Projekt/gospelmigration/data/places-raw/photos-run-2026-07-03.jsonl
Failures (383):
  - unmatched placeId 
  - emmanuel-baptist-church-pittsburg: no imageUrls
  - liberty-baptist-church-san-antonio: no imageUrls
  - bible-enrichment-fellowship-international-inglewood[0]: http_403
  - victory-fellowship-san-antonio[0]: http_403
  - living-waters-of-chino-chino[0]: http_403
  - fountain-of-faith-missionary-baptist-church-riverdale: no imageUrls
  - church-of-god-in-christ-mennonite-livingston[0]: http_403
  - mount-olive-baptist-church-waelder[0]: http_403
  - judson-baptist-church-carson[0]: http_403
  - shiloh-baptist-church-of-orlando-orlando[0]: http_403
  - pinnacle-baptist-church-griffin[0]: http_403
  - first-baptist-church-lincoln-tampa[0]: http_403
  - bible-baptist-church-crystal-river[0]: http_403
  - river-road-baptist-church-hilliard: no imageUrls
[loop] 2026-07-03 20:30:50 chunk 18 starting
[loop] 2026-07-03 20:33:10 START — waiting for any in-flight chunk
[loop] 2026-07-03 20:33:10 in-flight chunk cleared — starting loop
[loop] 2026-07-03 20:33:10 chunk 1 starting
Targets: 400 churches
maxImages=8, estimated Apify cost ~$4.00
Starting Apify compass~crawler-google-places for 398 place ids...
Run vXHwqNDHrh1odgdDd, dataset Ns0DB3gUH6azQRsnf
Dataset items: 398
  st-paul-s-baptist-church-pacoima: 2 photos
  alto-missionary-baptist-church-alto: 2 photos
  mt-calvary-holy-church-america-buffalo: 3 photos
  jehova-es-mi-pastor-killeen: 4 photos
  big-creek-gospel-church-shepherd: 2 photos
  iglesia-de-dios-pentecostal-mi-la-gracia-de-dios-pentecostal-church-of-god-schen: 8 photos
  pentecostal-church-of-god-in-christ-stuart: 4 photos
  mt-zion-baptist-church-beckville: 6 photos
  new-beginning-baptist-church-palm-coast: 8 photos
  east-side-baptist-church-thomasville: 2 photos
  solon-road-baptist-church-office-waxahachie: 7 photos
  mt-moriah-baptist-church-gainesville: 4 photos
  christ-gospel-church-beaumont: 3 photos
  bluff-dale-baptist-church-bluff-dale: 3 photos
  rocky-mount-baptist-church-washington: 2 photos
  faith-missionary-church-bronx: 8 photos
  eternal-grace-staten-island: 1 photos
  mountaintown-baptist-church-ellijay: 7 photos
  blazing-fire-church-pleasanton: 1 photos
  agape-church-of-god-loxahatchee: 4 photos
  asamblea-apostolica-lompoc: 8 photos
  abundant-life-ministries-winter-haven: 8 photos
  jubilee-on-the-ridge-paradise: 8 photos
  first-baptist-church-valley-view: 8 photos
  fr-armee-du-salut-2: 2 photos
  palo-cedro-community-church-palo-cedro: 8 photos
  fr-assemblee-evangelique-le-rocher: 2 photos
  mt-olive-missionary-baptist-church-corsicana: 2 photos
  mount-calvary-baptist-church-athens: 3 photos
  fr-eglise-evangelique-tzigane-43: 2 photos
  bethel-temple-of-praise-yonkers: 8 photos
  cornerstone-missionary-baptist-houston: 6 photos
  west-side-baptist-church-oakland: 2 photos
  free-church-of-god-in-christ-in-jesus-name-dallas: 4 photos
  bible-church-of-pampa-pampa: 2 photos
  carlisle-baptist-church-price: 1 photos
  calvary-assembly-of-god-pleasantville: 1 photos
  emmanuel-baptist-church-batavia: 7 photos
  fresh-fire-fellowship-lubbock: 1 photos
  first-evangelical-church-arcadia-monrovia: 8 photos
  living-faith-fellowship-church-gainesville: 2 photos
  zion-hope-missionary-baptist-miami: 2 photos
  glad-tidings-church-san-juan-bautista: 3 photos
  baptist-church-mt-moriah-garland: 4 photos
  corinth-missionary-baptist-church-bullard: 7 photos
  heritage-christian-church-fayetteville: 1 photos
  first-free-will-baptist-church-greenacres: 7 photos
  first-baptist-church-urbandale-dallas: 7 photos
  baptist-temple-grand-prairie: 2 photos
  gildon-creek-third-baptist-church-manor: 1 photos
  creekside-baptist-church-richardson: 8 photos
  living-hope-baptist-church-byron: 1 photos
  ascension-holy-trinity-church-west-park: 8 photos
  berean-church-of-god-international-lakeland: 4 photos
  faith-baptist-church-perry: 2 photos
  treffpunkt-leben-freikirche-munderkingen: 8 photos
  redding-reformed-fellowship-redding: 8 photos
  radiant-church-san-antonio: 8 photos
  cairo-church-of-god-cairo: 1 photos
  houston-heights-baptist-church-macon: 1 photos
  butte-bible-fellowship-chico: 4 photos
  east-delta-baptist-church-lake-creek: 1 photos
  greater-joy-ministries-san-antonio: 3 photos
  grace-community-church-archer-city: 5 photos
  emmanuel-assembly-of-god-poth: 8 photos
  roopville-baptist-church-roopville: 2 photos
  god-in-life-vaihingen-enz-e-v: 8 photos
  claremont-bible-chapel-claremont: 8 photos
  brazos-bend-baptist-mission-needville: 8 photos
  miller-avenue-church-mill-valley: 2 photos
  hosanna-korean-church-highland: 7 photos
  carrollton-chinese-church-carrollton: 3 photos
  kern-valley-bible-church-lake-isabella: 1 photos
  good-news-fellowship-daly-city: 7 photos
  new-creation-bible-church-dallas: 3 photos
  new-harbor-community-church-benicia: 8 photos
  first-baptist-church-eatonton: 2 photos
  collins-hill-baptist-church-lawrenceville: 3 photos
  faith-bible-church-of-bradenton-bradenton: 1 photos
  pleasant-hill-baptist-church-patterson: 5 photos
  first-baptist-church-north-highlands: 3 photos
  church-of-god-of-prophecy-lehigh-acres: 3 photos
  cornerstone-community-church-los-angeles: 1 photos
  cedar-street-baptist-church-metter: 2 photos
  primera-iglesia-bautista-de-marietta-smyrna: 8 photos
  powerhouse-church-of-god-bartow: 3 photos
  lishakill-reformed-church-schenectady: 6 photos
  church-of-god-by-faith-vernon: 8 photos
  south-dade-baptist-church-homestead: 4 photos
  first-christian-church-brownfield: 8 photos
  first-congregational-church-cape-coral: 4 photos
  chestnut-ridge-christian-church-marietta: 8 photos
  apostolic-church-richardson: 1 photos
  biltmore-baptist-church-jacksonville: 2 photos
  4sq-church-hope-chapel-abilene: 8 photos
  lakewood-baptist-church-powderly: 2 photos
  south-euless-baptist-church-euless: 4 photos
  red-springs-baptist-church-texarkana: 2 photos
  slavic-christian-center-montebello: 1 photos
  church-of-god-chokoloskee: 8 photos
  fr-eglise-evangelique-tzigane-173: 8 photos
  faith-church-of-the-nazarene-odessa: 8 photos
  bible-baptist-chr-waxahachie-waxahachie: 2 photos
  reformed-dutch-church-claverack: 8 photos
  emanuel-calvary-of-sacramento-north-highlands: 1 photos
  the-connection-church-jonesboro: 1 photos
  redeemed-christian-church-of-god-inglewood: 1 photos
  fr-eglise-protestante-de-saint-hilaire-de-brethmas: 3 photos
  mt-erie-baptist-church-winona: 8 photos
  know-his-grace-cowboy-church-kerens: 5 photos
  mision-cristiana-hebron-los-angeles: 1 photos
  christian-outreach-riverdale: 4 photos
  north-park-baptist-church-north-richland-hills: 8 photos
  o-quinn-baptist-church-pollok: 5 photos
  little-lakes-church-honeoye: 1 photos
  summerhill-baptist-church-of-newnan-inc-newnan: 8 photos
  anna-street-church-of-christ-amarillo: 1 photos
  philadelhia-assembly-of-god-andrews: 7 photos
  anchored-to-the-cross-indio: 2 photos
  macedonia-baptist-church-athens: 3 photos
  landmark-baptist-church-archer: 1 photos
  freeway-baptist-church-houston: 7 photos
  fellowship-baptist-church-campbell: 5 photos
  first-christian-church-morrow: 6 photos
  pentecostals-of-central-texas-temple: 8 photos
  faulkville-baptist-church-bloomingdale: 4 photos
  mt-carmel-baptist-church-folkston: 2 photos
  fr-eglise-evangelique-de-laon: 8 photos
  lawyersville-reformed-church-cobleskill: 6 photos
  first-baptist-church-richland-springs: 8 photos
  allen-community-baptist-church-allen: 8 photos
  redfield-grace-fellowship-church-redfield: 8 photos
  holy-temple-of-god-east-palatka: 3 photos
  first-baptist-church-rhinebeck: 8 photos
  adi-mugnano-di-napoli: 3 photos
  fr-eglise-evangelique-mennonite-17: 2 photos
  converse-hispanic-baptist-church-converse: 8 photos
  fr-mission-internationale-de-la-puissance-de-la-parole: 3 photos
  brenham-bible-church-brenham: 8 photos
  fr-m-o-e-r-mission-des-oeuvres-evangeliques-le-rocher: 6 photos
  new-home-baptist-church-irving: 2 photos
  allendale-baptist-church-wichita-falls: 4 photos
  templo-siloe-la-joya: 4 photos
  la-palabera-ministries-san-juan: 5 photos
  solid-rock-church-of-god-inverness: 4 photos
  delevan-baptist-church-delevan: 8 photos
  friendship-baptist-church-buna: 8 photos
  daily-bread-baptist-church-desoto: 5 photos
  mt-gilmore-mount-pleasant: 4 photos
  antioch-baptist-church-bells: 3 photos
  east-valley-united-pentecostal-church-san-jose: 8 photos
  adi-giardini-naxos: 5 photos
  greater-new-hope-deliverance-church-of-god-in-christ-stockton: 3 photos
  grace-evangelical-church-torrance: 2 photos
  greater-pearl-baptist-church-los-angeles: 1 photos
  first-church-of-god-highland: 8 photos
  korean-evangelical-church-los-angeles: 8 photos
  first-saint-holland-baptist-church-buffalo: 1 photos
  strong-place-baptist-church-brooklyn: 5 photos
  greater-mount-olive-baptist-church-del-rio: 1 photos
  family-bible-church-la-habra: 1 photos
  lighthouse-baptist-church-bryceville: 6 photos
  western-hills-baptist-church-wichita-falls: 2 photos
  pritchett-missionary-baptist-church-gilmer: 1 photos
  joseph-of-jacob-church-paramount: 7 photos
  apostolic-church-of-irving-irving: 8 photos
  martin-shiloh-baptist-church-clarksville: 1 photos
  magnolia-bible-church-brazoria: 1 photos
  evangel-temple-assembly-san-angelo: 2 photos
  true-vine-missionary-baptist-houston: 1 photos
  church-of-the-nazarene-dalhart: 7 photos
  st-miles-baptist-church-liberty: 4 photos
  center-hill-presbyterian-church-center-hill: 7 photos
  fr-assemblee-de-dieu-de-bastia: 2 photos
  bianco-baptist-dover-plains: 6 photos
  victory-baptist-church-valrico: 8 photos
  iglesia-pentecostal-unida-beaumont: 1 photos
  latin-american-assembly-of-god-rosenberg: 8 photos
  schwab-city-baptist-church-livingston: 4 photos
  calvary-baptist-church-burkburnett: 2 photos
  nesbitt-baptist-church-marshall: 1 photos
  adams-center-baptist-church-adams-center: 7 photos
  little-flock-baptist-church-somerville: 3 photos
  heritage-baptist-church-humble: 2 photos
  landmark-missionary-baptist-church-lake-isabella: 3 photos
  church-of-god-prophecy-roosevelt: 6 photos
  jupiter-tequesta-church-of-christ-jupiter: 2 photos
  mortons-corners-baptist-church-springville: 2 photos
  connesena-baptist-church-kingston: 8 photos
  merritt-assembly-of-god-inc-merritt-island: 5 photos
  grace-luth-church-wels-yorba-linda: 2 photos
  port-caddo-baptist-church-marshall: 4 photos
  hebron-missionary-baptist-church-longview: 1 photos
  freedom-christian-fellowship-port-neches: 5 photos
  grace-presbyterian-church-walnut-creek: 4 photos
  apostolic-church-edinburg: 2 photos
  san-ramon-valley-seventh-day-san-ramon: 8 photos
  sunset-hills-baptist-church-douglasville: 8 photos
  baptist-student-center-malakoff: 2 photos
  bible-baptist-church-new-hartford: 1 photos
  the-good-samaritan-church-jacksonville: 1 photos
  trinity-baptist-church-bryan: 3 photos
  fr-eglise-evangelique-tzigane-15: 8 photos
  ballston-lake-baptist-church-ballston-lake: 7 photos
  gilead-baptist-church-macon: 2 photos
  outreach-of-love-assembly-of-god-springtown: 1 photos
  faith-family-church-lufkin: 8 photos
  frohe-botschaft-e-v: 1 photos
  berryessa-valley-church-san-jose: 8 photos
  fr-assemblee-chretienne-5: 1 photos
  highland-meadows-church-red-oak: 8 photos
  fr-eglise-de-la-communaute-urbaine-de-bordeaux-ecub: 4 photos
  faith-baptist-church-longview: 1 photos
  baptist-church-seventh-day-alfred-station: 1 photos
  church-of-god-of-prophecy-visalia: 2 photos
  connection-point-ministries-torrance: 8 photos
  community-baptist-church-poland: 2 photos
  the-hospital-church-jacksonville: 8 photos
  church-of-god-of-prophecy-hyde-park-tampa: 8 photos
  wells-of-life-church-inc-lakeland: 8 photos
  first-christian-church-bakersfield: 1 photos
  little-flock-baptist-church-longview + little-flock-baptist-church-cleveland: 1 photos
  faith-bible-inc-fresh-meadows: 7 photos
  greenvine-baptist-church-burton: 1 photos
  fr-eglise-reformee-evangelique-saint-hippolyte-du-fort: 2 photos
  reformed-church-on-staten-island-staten-island: 8 photos
  faith-community-church-nazarene-sanborn: 3 photos
  la-senda-antigua-pomona: 2 photos
  new-vision-baptist-church-dickinson: 8 photos
  new-growth-missionary-baptist-church-waskom: 1 photos
  pilgrims-rest-missionary-baptist-church-corpus-christi: 7 photos
  grace-church-modesto: 8 photos
  mount-enon-baptist-church-evans: 3 photos
  alive-church-daytona-beach: 1 photos
  new-zion-baptist-church-tulare: 1 photos
  new-light-baptist-church-new-york: 5 photos
  bethesda-baptist-church-marshall: 2 photos
  brownwood-baptist-church-montgomery: 8 photos
  community-first-worship-center-fort-worth: 4 photos
  taft-apostolic-church-taft: 8 photos
  haltom-city-christian-church-fort-worth: 5 photos
  antioch-baptist-church-midland: 1 photos
  enon-first-baptist-church-atlanta: 1 photos
  milner-baptist-church-milner: 2 photos
  beulahland-missionary-baptist-church-gardena: 7 photos
  iglesia-del-nazareno-san-diego: 8 photos
  new-hope-baptist-church-la-porte: 1 photos
  baptist-memorials-northgate-activity-center-san-angelo: 8 photos
  grace-bible-fellowship-olmstedville: 4 photos
  unity-baptist-church-alma: 2 photos
  clarkson-community-church-brockport: 8 photos
  growing-in-grace-savannah: 7 photos
  first-corinth-christian-church-calhoun: 3 photos
  second-pleasant-hill-baptist-church-marshall: 2 photos
  church-of-the-nazarene-texas-city: 2 photos
  centro-de-alabanza-y-poder-san-benito: 5 photos
  cogic-prayer-temple-amarillo: 8 photos
  first-baptist-church-van-horn: 8 photos
  pentecostal-temple-church-of-god-in-christ-san-marcos: 1 photos
  good-shepherd-baptist-church-grand-prairie: 7 photos
  calvary-baptist-church-loganville: 4 photos
  the-first-korean-baptist-church-of-hinesville-hinesville: 2 photos
  pruitt-baptist-church-van: 8 photos
  new-jerusalem-baptist-church-midland: 1 photos
  new-river-baptist-church-brooker: 1 photos
  first-baptist-church-pipe-creek: 8 photos
  the-redeemed-christian-church-of-god-carrollton: 4 photos
  peerless-baptist-church-sulphur-springs: 3 photos
  fr-eglise-evangelique-15: 7 photos
  first-baptist-church-of-crystal-beach-port-bolivar: 1 photos
  angekyrkan: 7 photos
  shiloh-missionary-baptist-church-san-augustine: 2 photos
  creekmont-baptist-church-la-porte: 2 photos
  cleveland-baptist-church-punta-gorda: 5 photos
  church-of-christ-santa-fe-hlls-alachua: 1 photos
  liberty-winona-baptist-church-tyler: 8 photos
  cristo-la-solucion-miami-miami: 8 photos
  macedonia-baptist-church-covington + macedonia-baptist-church-henderson: 8 photos
  family-life-christian-center-spring: 2 photos
  metropolitan-new-york-baptist-association-new-york: 2 photos
  all-saints-church-of-nashville: 8 photos
  church-of-the-master-bronx: 2 photos
  demorest-baptist-church-demorest: 4 photos
  church-st-matthews-mssnry-bapt-magnolia: 4 photos
  village-baptist-church-petaluma: 5 photos
  albany-baptist-church-albany: 7 photos
  abiding-community-church-snellville: 1 photos
  harvest-baptist-church-eatonton: 1 photos
  christ-temple-cogic-lubbock: 5 photos
  mt-calvary-baptist-church-bloomington: 5 photos
  reidsville-church-of-god-reidsville: 3 photos
  northlake-blvd-church-of-nazarene-palm-beach-gardens: 7 photos
  church-of-god-of-porterville-porterville: 8 photos
  revival-outreach-ministries-international-inc-valley-stream: 3 photos
  church-of-the-living-god-highland: 8 photos
  new-hope-baptist-church-buffalo: 8 photos
  pentecostal-temple-church-of-god-buffalo: 8 photos

Done. 299 churches updated, 1305 photos mirrored to R2.
Raw archive: /Users/dpr/Code/Projekt/gospelmigration/data/places-raw/photos-run-2026-07-03.jsonl
Failures (404):
  - unmatched placeId 
  - unmatched placeId 
  - first-baptist-church-windsor[0]: http_403
  - first-christian-church-canyon[0]: http_403
  - iglesia-de-dios-grand-prairie[0]: http_403
  - first-christian-church-canyon: all 1 downloads failed — sentinel'd
  - greater-mount-olive-baptist-church-dallas[0]: http_403
  - greater-mount-olive-baptist-church-dallas: all 1 downloads failed — sentinel'd
  - first-baptist-church-windsor[1]: too_small_313x544
  - iglesia-de-dios-grand-prairie: all 1 downloads failed — sentinel'd
  - bay-hills-community-church-hayward[0]: http_403
  - first-baptist-church-windsor: all 2 downloads failed — sentinel'd
  - bay-hills-community-church-hayward: all 1 downloads failed — sentinel'd
  - new-faith-missionary-bapt-chr-baytown[0]: http_403
  - new-faith-missionary-bapt-chr-baytown: all 1 downloads failed — sentinel'd
[loop] 2026-07-03 20:42:59 chunk 2 starting
Targets: 400 churches
maxImages=8, estimated Apify cost ~$4.00
Starting Apify compass~crawler-google-places for 397 place ids...
Run wgrnjRPQuMD9hgCNf, dataset HeavMYAKR5uZrnpjT
Dataset items: 397
  fr-eglise-protestante-evangelique-de-montigny-le-bretonneux: 2 photos
  church-of-the-nazarene-mount-pleasant: 4 photos
  christ-community-church-reformed-stony-brook: 4 photos
  bethlehem-baptist-church-ennis: 3 photos
  bible-baptist-temple-rochester: 8 photos
  lakeport-christian-church-moore-haven: 8 photos
  glad-tidings-pentecostal-church-of-god-killeen: 2 photos
  riverdale-baptist-church-temple-terrace: 5 photos
  central-baptist-church-blooming-grove: 1 photos
  northview-baptist-church-bryan: 8 photos
  parkway-hills-church-of-the-nazarene-chula-vista: 8 photos
  south-georgia-church-of-the-nazarene-amarillo: 4 photos
  saint-marks-baptist-church-port-arthur: 1 photos
  oak-hill-baptist-church-arthur-city: 3 photos
  new-mt-pleasant-berean-baptist-church-victoria: 2 photos
  barrington-avenue-baptist-church-los-angeles: 4 photos
  san-francisco-community-fellowship-san-francisco: 8 photos
  resurrection-beach-mcc-costa-mesa: 1 photos
  spring-st-baptist-church-waco: 3 photos
  sonlight-baptist-church-colbert: 4 photos
  church-on-the-ridge-frostproof: 1 photos
  west-flagler-park-baptist-church-miami: 4 photos
  adi-guidonia: 7 photos
  maranatha-assembly-of-god-falfurrias: 1 photos
  community-baptist-church-ferris: 8 photos
  pursley-baptist-church-purdon: 1 photos
  primera-iglesia-bautista-midland: 3 photos
  grace-baptist-church-ogdensburg: 2 photos
  liberty-vineyard-church-tucker: 7 photos
  providence-baptist-church-paris: 8 photos
  bethlehem-baptist-church-los-angeles: 5 photos
  harvest-tabernacle-church-devine: 8 photos
  new-hope-missionary-baptist-new-waverly: 4 photos
  first-baptist-education-building-buffalo-gap: 4 photos
  samoan-congregational-christian-killeen: 3 photos
  susanville-nazarene-church-susanville: 3 photos
  fellowship-baptist-church-fitzgerald: 2 photos
  church-of-the-nazarene-cisco: 2 photos
  house-of-god-international-ministries-riviera-beach: 1 photos
  elysian-fields-baptist-church-elysian-fields: 3 photos
  north-broad-baptist-church-rome: 1 photos
  fr-centre-evangelique-la-destinee: 8 photos
  faith-christian-center-san-francisco: 2 photos
  grace-fellowship-baptist-church-brenham: 5 photos
  thompson-hill-baptist-church-tyler: 1 photos
  st-paul-baptist-church-archer: 8 photos
  new-mt-olive-baptist-church-littlefield: 2 photos
  elberton-church-of-god-elberton: 3 photos
  first-pentecostal-church-van-alstyne: 5 photos
  calvary-family-church-hereford: 8 photos
  trinity-fellowship-church-dalton: 6 photos
  assembly-of-god-church-whitewright: 1 photos
  first-baptist-church-seadrift: 4 photos
  heritage-presbyterian-church-at-benicia-benicia: 8 photos
  shiloh-temple-apostolis-church-san-diego: 4 photos
  second-street-baptist-church-somerville: 3 photos
  faith-assembly-lumberton: 1 photos
  lake-providence-baptist-church-gilmer: 2 photos
  church-first-baptist-granger: 4 photos
  redeemer-lutheran-church-elca-cupertino: 6 photos
  christ-community-chinese-alliance-church-hayward: 3 photos
  navigator-faith-bible-centr-canyon: 1 photos
  garden-view-baptist-church-jacksonville: 7 photos
  haltom-city-christian-church-haltom-city: 5 photos
  star-of-hope-baptist-church-desoto: 8 photos
  east-side-baptist-church-dalton + eastside-baptist-church-dalton: 3 photos
  castle-heights-baptist-church-bryan: 8 photos
  korean-baptist-east-texas-tyler: 8 photos
  fr-eglise-protestante-baptiste-de-la-thierache: 1 photos
  adi-fiumefreddo-di-sicilia: 3 photos
  northside-baptist-church-ponce-de-leon: 2 photos
  holliday-assembly-of-god-church-holliday: 2 photos
  mt-sinai-baptist-church-live-oak: 7 photos
  christ-elca-chino: 6 photos
  hopewell-baptist-church-moultrie: 7 photos
  greater-mount-rose-primitive-baptist-church-ferris: 1 photos
  orange-avenue-baptist-church-anaheim: 2 photos
  christian-family-tabernacle-sacramento: 2 photos
  azalea-garden-church-of-god-tyler: 8 photos
  bethany-community-church-gilroy: 6 photos
  alliance-evangelical-church-anaheim: 1 photos
  living-word-fellowship-anderson: 1 photos
  center-for-spiritual-living-carlsbad-carlsbad: 4 photos
  trinity-freewill-baptist-church-mauk: 2 photos
  buen-pastor-church-assemblies-of-god-rialto: 1 photos
  wayland-baptist-university-new-braunfels: 4 photos
  spruce-creek-baptist-church-port-orange: 7 photos
  first-christian-church-valdosta: 2 photos
  smith-river-baptist-church-smith-river: 8 photos
  northside-christian-church-fruitland-park: 8 photos
  first-baptist-church-tifton: 8 photos
  south-shores-church-san-juan-capistrano: 5 photos
  amazing-grace-baptist-church-tucker: 6 photos
  iglesia-jesucristo-el-vencedor-miami: 8 photos
  grace-community-church-placerville: 4 photos
  oak-grove-baptist-church-dallas: 8 photos
  bellevue-baptist-church-grovetown: 2 photos
  apostolic-pentecostal-church-coldspring: 1 photos
  asamblea-apostolica-king-city: 3 photos
  first-baptist-church-woodbine-woodbine: 2 photos
  first-christian-church-chico-chico: 1 photos
  por-su-gracia: 1 photos
  aposento-alto-san-diego: 8 photos
  first-baptist-church-red-bluff: 4 photos
  oceanway-congregational-holiness-church-jacksonville: 1 photos
  heirs-of-the-kingdom-church-international-pensacola: 1 photos
  first-baptist-church-tallapoosa: 1 photos
  o-c-christian-center-costa-mesa: 5 photos
  live-oak-church-of-the-brethren-live-oak: 2 photos
  mount-pleasant-baptist-church-barnesville: 2 photos
  bethel-worship-center-cartersville: 4 photos
  river-of-life-assembly-of-god-fulton: 8 photos
  church-of-god-by-faith-sanderson: 1 photos
  new-frazier-temple-church-augusta: 8 photos
  calvary-gospel-tabernacle-bakersfield: 2 photos
  southwest-christian-church-temecula: 4 photos
  united-ministry-churches-of-aurora-aurora: 2 photos
  church-of-living-god-waco: 8 photos
  good-news-bible-church-inc-carson: 1 photos
  westcliff-bible-church-amarillo: 2 photos
  new-life-fellowship-lewisville: 1 photos
  saint-james-missionary-baptist-church-tyler: 2 photos
  abundant-life-fellowship-wharton: 2 photos
  goshen-baptist-church-dawsonville: 2 photos
  new-life-mission-church-of-irvine-irvine: 8 photos
  englewood-church-of-god-in-christ-tyler: 1 photos
  primera-iglesia-bautista-sullivan-city: 1 photos
  prayer-house-church-of-god-in-christ-odessa: 5 photos
  the-shepherd-s-church-appling: 2 photos
  bedford-pk-congreagational-church-bronx: 6 photos
  victory-outreach-baldwin-park-baldwin-park: 8 photos
  primera-iglesia-bautista-bishop: 3 photos
  rebector-memorial-church-of-god-in-christ-sweeny: 2 photos
  pony-creek-baptist-church-stephenville: 3 photos
  lost-tree-chapel-north-palm-beach: 8 photos
  chinese-baptist-church-orlando-orlando: 8 photos
  st-james-baptist-church-pearland: 1 photos
  peaceful-rest-baptist-church-lufkin: 2 photos
  sonday-house-fellowship-fredericksburg: 4 photos
  the-christian-community-hillsdale: 6 photos
  true-light-baptist-church-san-antonio: 1 photos
  first-reformed-church-amsterdam: 8 photos
  new-apostolic-church-atlanta-dunwoody: 3 photos
  christian-worship-center-beeville: 7 photos
  valley-christian-reformed-church-binghamton: 7 photos
  first-church-of-god-orange: 2 photos
  brentwood-bible-fellowship-church-dallas: 8 photos
  brookhaven-christian-church-brookhaven: 8 photos
  international-bible-church-jacksonville: 1 photos
  oak-hill-baptist-church-blossom: 6 photos
  jacob-s-memorial-cogic-nacogdoches: 4 photos
  first-baptist-church-spearman: 2 photos
  otter-creek-baptist-church-williston: 7 photos
  providence-village-baptist-church-lake-butler: 1 photos
  new-bethel-baptist-church-valdosta: 5 photos
  unity-missionary-baptist-church-sunnyvale: 7 photos
  morningside-baptist-church-lincolnton: 1 photos
  bethel-grove-baptist-church-navasota: 6 photos
  rushford-baptist-church-rushford: 1 photos
  elam-egypt-baptist-church-guyton: 1 photos
  berean-baptist-church-macon: 2 photos
  the-solid-rock-church-glenmont: 7 photos
  antioch-baptist-church-clarksville: 7 photos
  adi-nola-casamarciano: 3 photos
  adi-lioni: 2 photos
  life-church-of-god-tavares: 6 photos
  austell-christian-church-austell: 1 photos
  holy-trinity-church-of-god-and-christ-midland: 5 photos
  lafayette-christian-church-lafayette: 4 photos
  macedonia-baptist-church-nacogdoches: 1 photos
  lluvias-de-gracia-ocoee: 8 photos
  tennessee-colony-church-tennessee-colony: 8 photos
  marbletown-reformed-church-stone-ridge: 8 photos
  southside-independent-baptist-church-swainsboro: 1 photos
  faith-baptist-church-griffin: 8 photos
  cherokee-baptist-church-woodstock: 2 photos
  kingdom-life-worship-center-sugar-land: 8 photos
  new-apostolic-church-bronx: 2 photos
  grace-church-ringgold: 2 photos
  prairieville-baptist-church-mabank: 1 photos
  anchor-baptist-church-potsdam: 5 photos
  oak-park-baptist-church-tampa: 2 photos
  new-home-baptist-church-overton: 2 photos
  parkway-church-of-god-jesup: 4 photos
  waterville-baptist-waterville: 2 photos
  church-of-god-midland: 8 photos
  fr-eglise-evangelique-du-nazareen-de-godissard: 1 photos
  cornelia-christian-church-cornelia: 4 photos
  spanish-church-of-god-coral-gables: 8 photos
  fr-eglise-lumiere-des-nations: 8 photos
  christian-church-rural-grove-sprakers: 4 photos
  central-christian-church-killeen: 8 photos
  bethel-christian-ctr-tampa: 3 photos
  church-east-lake-baptist-tyler: 2 photos
  berean-baptist-church-jefferson: 7 photos
  unity-of-the-oaks-thousand-oaks: 2 photos
  first-christian-church-san-francisco: 6 photos
  fr-eglise-protestante-evangelique-de-chaumont: 3 photos
  napa-valley-community-church-napa: 8 photos
  parma-christian-fellowship-hilton: 7 photos
  board-baptist-church-comanche: 7 photos
  mount-zion-baptist-church-calhoun: 2 photos
  friends-christian-church-santee: 2 photos
  first-church-of-the-nazarene-houston: 2 photos
  sovereign-grace-community-church-of-hug-hughson: 3 photos
  adi-taranto-talsano: 1 photos
  church-of-the-nazarene-hurst: 2 photos
  fr-eglise-protestante-apostolique-dyvetot-epa: 2 photos
  christian-baptist-church-sherburne: 2 photos
  galilee-church-of-god-in-christ-huntsville: 8 photos
  first-christian-church-madera: 8 photos
  first-baptist-church-of-riverside-riverside: 8 photos
  new-canaan-baptist-church-temple: 1 photos
  mason-springs-baptist-church-longview: 3 photos
  gardner-church-of-god-in-christ-sandersville: 1 photos
  christian-fellowship-baptist-church-of-pike-county-zebulon: 5 photos
  maranatha-christian-center-santa-fe: 1 photos
  church-of-the-living-god-greenville: 1 photos
  grace-avenue-church-conroe: 6 photos
  fr-les-amis-de-jesus: 2 photos
  church-of-god-by-faith-lakeland: 7 photos
  first-missionary-baptist-church-whitewright: 1 photos
  trinity-fellowship-church-san-angelo: 1 photos
  friendship-baptist-church-kilgore: 3 photos
  west-end-baptist-church-athens: 1 photos
  church-of-god-of-prophecy-san-diego: 6 photos
  pleasant-hill-baptist-church-bastrop: 2 photos
  pentecostal-holiness-church-avon-park: 4 photos
  trinity-baptist-church-rome: 6 photos
  killawog-baptist-church-killawog: 1 photos
  bowie-church-of-the-nazarene-bowie: 3 photos
  church-of-god-by-faith-cochran: 4 photos
  word-of-life-outreach-ministries-palmdale: 8 photos
  aletheia-church-boston: 8 photos
  calvary-chapel-full-gospel-lufkin: 7 photos
  assembly-of-god-church-freeport: 3 photos
  church-of-the-nazarene-denver-city: 2 photos
  altar-of-grace-international-church-snellville: 6 photos
  kirche-im-pott-munster-e-v: 3 photos
  pleasant-hill-baptist-church-hallsville: 2 photos
  pineview-church-of-god-west-green: 4 photos
  macedonia-baptist-church-beaumont: 4 photos
  first-shiloh-baptist-church-woodville: 2 photos
  first-baptist-church-port-arthur: 2 photos
  reformed-church-of-port-ewen-port-ewen: 2 photos
  broadview-baptist-church-north-lauderdale: 5 photos
  clearview-baptist-church-kingsbury: 6 photos
  calvary-baptist-church-auburn: 8 photos
  born-again-church-of-god-auburndale: 8 photos
  rock-hill-baptist-church-larue: 2 photos
  first-romanian-baptist-church-humble: 1 photos
  immanuel-baptist-sulphur-springs: 1 photos
  new-anointing-full-gospel-orange: 1 photos
  apostolic-assy-life-and-light-pearland: 8 photos
  mountain-creek-baptist-church-monroe: 2 photos
  nazareth-baptist-church-lauderhill: 2 photos
  providence-baptist-church-lubbock: 1 photos
  fr-eglise-franco-espagnole-le-phare: 8 photos
  primera-iglesia-bautista-galveston-galveston: 2 photos
  bible-missionary-church-greenville: 8 photos
  church-of-pentecost-irving: 8 photos
  iglesia-bautista-los-angeles-heights-san-antonio: 8 photos
  full-gospel-new-light-church-killeen: 8 photos
  first-reformed-church-fishkill: 8 photos
  hope-korean-baptist-church-san-angelo: 8 photos

Done. 266 churches updated, 1086 photos mirrored to R2.
Raw archive: /Users/dpr/Code/Projekt/gospelmigration/data/places-raw/photos-run-2026-07-03.jsonl
Failures (445):
  - central-baptist-church-mineola[0]: http_403
  - central-baptist-church-mineola: all 1 downloads failed — sentinel'd
  - fr-eglise-protestante-evangelique-de-montigny-le-bretonneux[2]: http_403
  - church-of-the-nazarene-mount-pleasant[4]: http_403
  - christ-community-church-reformed-stony-brook[4]: http_403
  - sweet-rest-baptist-church-jamaica[0]: http_403
  - sweet-rest-baptist-church-jamaica: all 1 downloads failed — sentinel'd
  - carter-chapel-primitive-baptist-church-amarillo[0]: http_403
  - carter-chapel-primitive-baptist-church-amarillo: all 1 downloads failed — sentinel'd
  - bethlehem-baptist-church-ennis[3]: http_403
  - greater-zion-baptist-church-rosenberg[0]: http_403
  - greater-zion-baptist-church-rosenberg: all 1 downloads failed — sentinel'd
  - houston-s-franklin-avenue-baptist-church-houston[0]: http_403
  - houston-s-franklin-avenue-baptist-church-houston: all 1 downloads failed — sentinel'd
  - greater-hope-temple-cogic-winona[0]: http_403
[loop] 2026-07-03 20:51:09 chunk 3 starting
Targets: 400 churches
maxImages=8, estimated Apify cost ~$4.00
Starting Apify compass~crawler-google-places for 394 place ids...
Run 9lhTeyHkfeBDWweNB, dataset vZaIYygIRNJLLbh4E
Dataset items: 394
  faith-baptist-church-lyons: 1 photos
  trinity-fellowship-san-angelo: 1 photos
  kids-beach-club-bedford: 3 photos
  calvary-baptist-church-wills-point: 3 photos
  fr-eglise-evangelique-de-pentecote-de-saint-fons-venissieux: 4 photos
  welcome-baptist-church-lagrange: 3 photos
  woodland-hills-christian-churc-woodland-hills: 3 photos
  cornerstone-fellowship-hoosick-falls: 2 photos
  coastal-baptist-church-saint-marys: 8 photos
  old-bethel-baptist-church-bartow: 1 photos
  friendship-baptist-church-rocky-face: 6 photos
  gilead-bible-church-san-ramon: 4 photos
  pingstforsamlingen-ljusnarsberg: 1 photos
  heritage-baptist-fellowship-canton: 3 photos
  calvary-chapel-ithaca: 8 photos
  pearlside-church-kaneohe: 1 photos
  faith-kingdom-life-center-augusta: 3 photos
  new-jerusalem-church-san-angelo: 3 photos
  mt-moriah-baptist-church-nacogdoches: 1 photos
  trinity-fellowship-church-syracuse: 1 photos
  pompano-beach-church-of-god-pompano-beach + church-of-god-pompano-beach: 8 photos
  new-rock-church-of-the-nazarene-new-rochelle + church-of-the-nazarene-new-rochelle: 4 photos
  pleasant-hill-baptist-church-woodville: 8 photos
  the-house-of-refuge-church-of-god-by-faith-inc-oviedo: 8 photos
  el-elyon-ministries-hempstead: 4 photos
  shiloh-primitive-baptist-church-bastrop: 3 photos
  friendship-baptist-church-waxahachie: 4 photos
  full-gospel-assemblies-of-god-san-jose: 8 photos
  fr-eglise-evangelique-88: 2 photos
  bethlehem-baptist-church-carthage: 8 photos
  canaan-missionary-baptist-church-lufkin: 1 photos
  antioch-baptist-church-crosby: 2 photos
  abundant-life-apostolic-assembly-pflugerville: 1 photos
  greater-grace-missionary-baptist-beaumont: 2 photos
  assyrian-church-of-the-east-san-francisco: 1 photos
  oakview-mexican-baptist-church-lockhart: 1 photos
  new-horizons-worship-center-west-palm-beach: 1 photos
  mount-zion-baptist-church-corpus-christi: 6 photos
  meadow-view-mennonite-church-resaca: 2 photos
  new-beginnings-church-bryan: 4 photos
  new-prospect-missionary-baptist-church-timpson: 1 photos
  los-gatos-community-house-of-prayer-los-gatos: 5 photos
  sharon-baptist-church-green-cove-springs: 1 photos
  trinity-baptist-church-lehigh-acres: 1 photos
  first-baptist-church-pineland: 5 photos
  center-hill-baptist-church-linden: 3 photos
  community-baptist-church-dublin: 8 photos
  mount-calvary-baptist-church-conroe-conroe: 1 photos
  porter-springs-church-of-god-in-christ-crockett: 2 photos
  shiloh-baptist-church-douglas: 2 photos
  church-of-the-nazarene-kingsburg: 2 photos
  western-hills-baptist-church-kerrville: 2 photos
  shiloh-baptist-church-tarrytown: 2 photos
  church-of-the-living-god-beaumont: 3 photos
  reform-church-of-st-remy-kingston: 1 photos
  bethel-assembly-of-god-church-glendale + bethel-temple-assembly-god-chr-bryan: 7 photos
  port-saint-lucie-church-of-christ-fort-pierce: 4 photos
  cleburne-baptist-temple-cleburne: 1 photos
  mt-zion-baptist-church-brookshire: 6 photos
  pleasant-hill-baptist-church-hallettsville: 1 photos
  the-pentecostals-of-coral-springs-coral-springs: 8 photos
  bethel-church-of-the-nazarene-brooklyn: 3 photos
  soaring-eagles-international-church-cocoa: 3 photos
  gregs-baptist-church-adel: 6 photos
  iglesia-de-dios-pentecostal-rome: 3 photos
  house-of-god-hebrew-pentecostal-church-newburgh: 2 photos
  antioch-church-aubrey: 1 photos
  new-life-bible-church-los-angeles: 5 photos
  abundant-life-chapel-nashville: 1 photos
  first-baptist-church-of-judson-longview: 5 photos
  st-luke-s-mar-thoma-church-margate: 8 photos
  oasis-church: 8 photos
  ogden-baptist-church-spencerport: 4 photos
  avenue-baptist-church-dallas: 5 photos
  middlesex-baptist-church-middlesex: 3 photos
  korean-baptist-church-cotati: 7 photos
  arca-de-salvacion-tampa: 8 photos
  sandhill-church-of-god-carrollton: 5 photos
  iglesia-bautista-del-calvario-fresno: 4 photos
  greater-liberty-baptist-church-los-angeles: 8 photos
  mountain-bible-church-los-gatos: 1 photos
  the-way-pentecostal-church-buffalo: 7 photos
  shiloh-bible-church-richland-springs: 8 photos
  trinity-church-of-the-nazarene-rochester: 3 photos
  the-redeemed-christian-church-of-god-holy-ghost-zone-irving: 8 photos
  magnolia-baptist-church-magnolia: 6 photos
  first-baptist-church-richwood: 4 photos
  community-bible-church-boerne: 4 photos
  steadfast-apostolic-church-san-antonio: 8 photos
  church-holy-city-carrollton: 6 photos
  mount-pilgrim-first-baptist-church-sweeny: 6 photos
  landmark-missionary-baptist-church-aba-killeen: 4 photos
  friendship-port-arthur: 4 photos
  meredith-baptist-church-meridale: 1 photos
  reformed-baptist-church-of-fort-worth-richland-hills: 8 photos
  pollok-baptist-church-pollok: 5 photos
  lighthouse-slaton: 7 photos
  primera-iglesia-bautista-bryan: 1 photos
  iglesia-bautista-peniel-eagle-pass: 2 photos
  sunflower-baptist-church-livingston: 5 photos
  beulah-baptist-church-millsap: 3 photos
  faith-apostolic-church-midland: 4 photos
  bethel-primitive-baptist-church-lockhart: 4 photos
  increasing-by-faith-church-lancaster: 8 photos
  first-christian-church-wills-point: 4 photos
  bethany-baptist-church-hahira: 2 photos
  new-jerusalem-church-of-god-in-christ-henderson: 1 photos
  fellowship-baptist-church-brenham: 2 photos
  iglesia-bautista-houston-houston: 4 photos
  taiwan-union-christian-church-astoria: 6 photos
  hobart-baptist-church-pampa: 1 photos
  holy-trinity-church-of-god-in-christ-amarillo: 1 photos
  tarrant-baptist-association-fort-worth: 3 photos
  southlake-baptist-church-waxahachie: 4 photos
  church-of-the-nazarene-palestine: 1 photos
  spring-creek-baptist-church-tyler: 5 photos
  church-of-the-nazarene-stephenville: 2 photos
  baptist-student-ministry-bible-chair-kilgore: 2 photos
  la-iglesia-cristiana-de-jamaica-inc-jamaica: 1 photos
  first-chinese-baptist-church-san-francisco: 8 photos
  bethleham-baptist-church-flint: 1 photos
  calvary-baptist-church-visalia: 2 photos
  divine-church-of-god-bronx: 1 photos
  roberson-temple-church-of-god-omaha: 5 photos
  christ-character-church-fresno: 8 photos
  mt-olive-baptist-church-tennessee-colony: 1 photos
  tri-city-chinese-baptist-church-fremont: 2 photos
  first-baptist-church-solvang: 3 photos
  ambler-baptist-church-abilene: 5 photos
  open-door-baptist-church-cibolo: 1 photos
  first-texas-indian-baptist-church-livingston: 2 photos
  lone-willow-baptist-church-cleburne: 1 photos
  first-baptist-church-woodsboro: 1 photos
  sanford-el-bethel-temple-sanford: 8 photos
  mountain-view-alliance-church-jasper: 3 photos
  landmark-missionary-baptist-hesperia: 2 photos
  fr-eglise-evangelique-libre-19: 5 photos
  odessa-baptist-church-odessa: 2 photos
  true-vine-baptist-church-bremond: 1 photos
  mount-of-olives-fort-hancock: 2 photos
  fr-eglise-de-dieu-13: 3 photos
  unity-baptist-church-los-angeles: 8 photos
  meadowbrook-missionary-baptist-church-wills-point: 3 photos
  fr-eglise-protestante-baptiste-torrent-de-vie: 5 photos
  first-baptist-church-leary-texarkana: 1 photos
  iglesia-bautista-las-palmas-weslaco: 6 photos
  jones-creek-baptist-church-freeport: 1 photos
  brentwood-baptist-church-brentwood: 2 photos
  first-baptist-church-kempner: 2 photos
  westside-missionary-baptist-church-nacogdoches: 7 photos
  calvary-temple-church-dallas: 2 photos
  rosedale-baptist-church-beaumont: 5 photos
  sunset-chinese-baptist-church-san-francisco: 8 photos
  central-chinese-christian-church-san-jose: 5 photos
  fr-eglise-centre-de-vie-chretienne-cvc: 5 photos
  church-of-god-of-prophecy-lockhart: 5 photos
  cottonwood-assembly-of-god-alba: 4 photos
  fr-eglise-evangelique-baptiste-53: 4 photos
  smithville-baptist-church-adams: 5 photos
  casa-de-israel-san-marcos: 5 photos
  lone-star-baptist-church-kaufman: 8 photos
  apostolic-assembly-of-the-fait-christ-jesus-inc-odessa: 8 photos
  port-arthur-apostolic-church-port-arthur: 2 photos
  calvary-chapel-auburn: 1 photos
  orchard-park-community-church-orchard-park: 7 photos
  carpinteria-valley-baptist-church-carpinteria: 7 photos
  lighthouse-full-gospel-church-pentecostal-san-francisco: 6 photos
  guyton-christian-church-springfield: 4 photos
  temple-baptist-church-richmond: 3 photos
  midnight-cry-ministry-church-jacksonville: 2 photos
  fr-eglise-evangelique-methodiste: 8 photos
  parkway-baptist-church-dublin: 6 photos
  greater-works-apostolic-church-inglewood: 3 photos
  armenian-church-the-nazarene-pasadena: 5 photos
  church-of-god-of-prophecy-delano: 6 photos
  central-baptist-church-greene: 5 photos
  first-church-of-god-hemphill + first-church-of-god-at-bushnell-bushnell: 3 photos
  calvary-baptist-church-crowley: 2 photos
  akuo-kirche-e-v: 1 photos
  calvary-chapel-pompano-beach + calvary-chapel-pompano-beach-pompano-beach: 8 photos
  rising-star-missionary-baptist-church-oceanside: 1 photos
  mercy-church-port-orange: 8 photos
  celebrant-singers-visalia: 8 photos
  fr-eglise-centre-chretien-bethel: 4 photos
  trinity-reform-baptist-church-jackson: 3 photos
  sun-city-baptist-church-el-paso: 8 photos
  first-baptist-church-east-bernard: 4 photos
  primera-iglesia-bautista-de-south-san-francisco-south-san-francisco: 8 photos
  enon-baptist-church-monticello: 4 photos
  philadelphia-baptist-church-mc-alpin: 4 photos
  grace-communion-richardson-richardson: 6 photos
  midway-baptist-church-eastman: 1 photos
  christ-s-church-camden-kingsland: 6 photos
  west-chatham-baptist-church-pooler: 1 photos
  community-church-of-loyalton-loyalton: 4 photos
  asamblea-de-dios-porterville: 2 photos
  armenian-evangelical-brethren-glendale: 8 photos
  mt-olive-baptist-church-seagraves: 1 photos
  webster-christian-reformed-church-webster: 1 photos
  triumphant-believers-center-merced: 4 photos
  lifehouse-foursquare-church-san-dimas: 8 photos
  lyall-memorial-federated-church-millbrook: 4 photos
  friendship-baptist-church-odessa: 4 photos
  ponckhockie-congregational-church-kingston: 3 photos
  mt-sinai-covenant-church-east-dublin: 7 photos
  evergreen-baptist-church-waco: 1 photos
  india-pentecostal-church-of-god-in-south-florida-sunrise: 1 photos
  first-united-pentecostal-church-rockport: 8 photos
  the-shepard-house-church-of-the-nazarene-midlothian: 8 photos
  first-assembly-of-god-church-san-augustine: 1 photos
  apostolic-assembly-the-faith-clovis: 2 photos
  adi-castelfiorentino: 4 photos
  magnolia-hill-baptist-church-livingston: 1 photos
  liberty-baptist-church-albany: 1 photos
  adi-bollate: 8 photos
  mt-sinai-baptist-church-montgomery: 2 photos
  redemption-baptist-church-devine: 8 photos
  fr-eglise-foursquare-ciel-ouvert: 5 photos
  new-life-church-of-the-nazarene-san-francisco: 2 photos
  antioch-missionary-baptist-church-amarillo: 6 photos
  grace-chapel-assembly-of-god-magnolia: 5 photos
  faith-temple-baptist-church-spring: 3 photos
  fr-eglise-reformee-evangelique-les-vans: 8 photos
  champion-baptist-church-roscoe: 8 photos
  fr-assemblee-evangelique-de-freres: 1 photos
  sequoia-christian-church-redwood-city: 8 photos
  new-birth-community-baptist-church-beaumont: 1 photos
  boulevard-baptist-church-burleson: 2 photos
  true-vine-baptist-church-tyler: 1 photos
  cedar-rock-church-jackson: 2 photos
  hubbard-chapel-baptist-church-quitman: 3 photos
  primera-iglesia-bautista-plainview: 1 photos
  beulah-springs-baptist-church-kirbyville: 4 photos
  templo-ebenezer-ad-tyler: 3 photos
  sahn-sem-evangelical-church-torrance: 8 photos
  pleasant-grove-baptist-church-trinity: 2 photos
  apostolic-assembly-smyrna: 8 photos
  elwood-miss-baptist-church-wills-point: 3 photos
  stapleton-baptist-church-stapleton: 4 photos
  christian-fellowship-missionary-baptist-church-port-arthur: 2 photos
  trinity-child-development-center-taylor: 5 photos
  fr-eglise-evangelique-123: 1 photos
  second-avenue-church-of-god-texas-city: 2 photos
  centro-familiar-cristiano-carrollton: 2 photos
  peace-tabernacle-assembly-of-god-cleveland: 4 photos
  sardis-pentecostal-center: 6 photos
  apostolic-lighthouse-church-sour-lake: 4 photos
  logan-mt-pleasant-missionary-baptist-church-carthage: 1 photos
  soul-restoration-carrollton: 1 photos
  church-of-god-in-christ-no-2-corsicana: 8 photos
  new-zion-baptist-church-harleton: 1 photos
  lake-tulloch-bible-church-copperopolis: 1 photos
  first-church-of-the-nazarene-borger: 1 photos
  harriet-tubman-memorial-ame-zion-church-auburn: 6 photos
  solid-rock-church-of-god-statesboro: 6 photos
  friendship-missionary-baptist-henderson: 1 photos
  first-baptist-church-reynolds: 3 photos
  fr-eglise-de-dieu: 7 photos
  stratton-primitive-baptist-church-yoakum: 2 photos
  antioch-baptist-church-bakersfield: 2 photos
  new-beginnings-baptist-church-dale: 7 photos
  first-baptist-church-of-flowery-branch-flowery-branch: 6 photos
  new-browns-spring-church-palestine: 2 photos
  covenant-fellowship-flower-mound: 8 photos
  creekside-community-church-napa: 8 photos

Done. 270 churches updated, 1036 photos mirrored to R2.
Raw archive: /Users/dpr/Code/Projekt/gospelmigration/data/places-raw/photos-run-2026-07-03.jsonl
Failures (453):
  - unmatched placeId 
  - unmatched placeId 
  - first-baptist-church-southern-of-san-pablo-san-pablo[0]: http_403
  - faith-baptist-church-lyons[0]: http_403
  - first-baptist-church-southern-of-san-pablo-san-pablo: all 1 downloads failed — sentinel'd
  - trinity-fellowship-san-angelo[0]: http_403
  - kids-beach-club-bedford[3]: http_403
  - calvary-baptist-church-wills-point[3]: http_403
  - old-pathway-baptist-church-lagrange: no imageUrls — sentinel'd
  - fr-eglise-evangelique-de-pentecote-de-saint-fons-venissieux[4]: http_403
  - welcome-baptist-church-lagrange[3]: http_403
  - woodland-hills-christian-churc-woodland-hills[3]: http_403
  - cornerstone-fellowship-hoosick-falls[2]: http_403
  - faith-baptist-fellowship-springtown[0]: http_403
  - faith-baptist-fellowship-springtown: all 1 downloads failed — sentinel'd
[loop] 2026-07-03 20:59:26 chunk 4 starting
Targets: 400 churches
maxImages=8, estimated Apify cost ~$4.00
Starting Apify compass~crawler-google-places for 398 place ids...
Run dV0AbOkLYjKikbVuU, dataset JkOlHSfovIkGnBOtv
Dataset items: 398
  faith-assembly-of-god-granbury: 1 photos
  cornerstone-christian-fellowship-corpus-christi: 1 photos
  williamson-baptist-association-georgetown: 2 photos
  world-deliverance-missionary-evangelistic-center-miami: 1 photos
  kirbyville-missionary-baptist-church-kirbyville: 4 photos
  glorious-community-holiness-fort-myers: 5 photos
  kirvin-baptist-church-streetman: 1 photos
  faith-christian-assembly-seal-beach: 5 photos
  fr-eglise-evangelique-methodiste-2: 8 photos
  korean-full-gospel-assembly-of-god-killeen: 3 photos
  mt-moriah-baptist-church-avinger: 1 photos
  church-of-christ-fourth-groesbeck-lufkin: 2 photos
  first-baptist-church-cooperstown: 2 photos
  elbethel-baptist-church-overton: 2 photos
  shiloh-baptist-church-elgin: 2 photos
  divine-unity-community-church-richmond: 2 photos
  fr-eglise-evangelique-du-nazareen-paris-ii: 1 photos
  brookeland-missionary-baptist-church-brookeland: 8 photos
  shady-grove-church-of-god-in-christ-rusk: 5 photos
  new-beginnings-baptist-church-beaumont: 8 photos
  hillside-alliance-church-ithaca: 6 photos
  church-of-god-by-faith-marianna: 8 photos
  zion-baptist-church-new-rochelle: 6 photos
  second-baptist-church-amarillo: 8 photos
  st-mary-church-of-god-in-christ-wills-point: 3 photos
  faithway-baptist-church-elk-grove: 8 photos
  main-street-pentecostal-church-gun-barrel-city: 3 photos
  pine-ridge-missionary-baptist-church-joaquin: 2 photos
  el-segundo-christian-church-el-segundo: 8 photos
  bayside-baptist-church-palm-bay: 3 photos
  bethel-baptist-church-corpus-christi: 1 photos
  grace-christian-alliance-church-concord: 8 photos
  forest-grove-christian-church-rockdale: 7 photos
  open-door-church-of-god-in-christ-pampa: 8 photos
  first-baptist-church-silver-creek: 1 photos
  first-assembly-of-god-church-kermit: 1 photos
  iglesia-nueva-jerico-uvalde: 8 photos
  pentecostal-church-of-god-farmersville: 1 photos
  lutheran-church-of-the-incarnation-elca-davis: 6 photos
  concord-christian-center-church-giddings: 8 photos
  st-matthew-temple-church-of-god-inc-christ-study-utica: 6 photos
  new-providence-primitive-baptist-church-cameron: 1 photos
  the-beacon-church-orange: 1 photos
  first-church-of-the-nazarene-abernathy: 1 photos
  community-baptist-church-milledgeville: 2 photos
  evangelical-free-church-huntington-beach: 5 photos
  christian-ministries-fellowship-elmont: 1 photos
  apostolic-christian-church-plantation: 1 photos
  lighthouse-baptist-church-vidor: 2 photos
  ephesus-missonary-baptist-church-san-antonio: 3 photos
  love-of-god-missionary-baptist-church-los-angeles: 1 photos
  koenig-lane-christian-church-austin: 3 photos
  church-grace-temple-holy-troup: 8 photos
  greater-true-light-tabernacle-los-angeles: 1 photos
  sand-flat-baptist-church-cleburne: 2 photos
  pmcc-4th-watch-sacramento: 2 photos
  christian-missionary-church-waverly: 1 photos
  church-of-the-lord-jesus-apostolic-faith-buffalo: 5 photos
  new-jerusalem-primitive-baptist-church-palestine: 1 photos
  iglesia-israel-bautista-abilene: 3 photos
  living-waters-church-of-god-rising-fawn: 7 photos
  calvary-baptist-church-stephenville: 8 photos
  grant-chapel-missionary-troy: 8 photos
  reformed-baptist-church-of-ft-worth-richland-hills: 8 photos
  new-hebron-baptist-church-brookston: 1 photos
  adi-campobello-di-mazara: 5 photos
  adi-roccadaspide: 4 photos
  stephentown-federated-church-stephentown: 2 photos
  providence-church-of-god-in-christ-corpus-christi: 5 photos
  thompson-chapel-baptist-church-sugar-land: 2 photos
  fr-eglise-foursquare-actes: 1 photos
  christ-holy-sanctified-church-beaumont: 8 photos
  beulah-tabernacle-church-brooklyn: 1 photos
  harmony-baptist-church-dalton: 2 photos
  gathering-place-church-san-diego: 8 photos
  midway-baptist-church-palestine: 1 photos
  mt-zion-pentecostal-church-of-god-san-andreas: 1 photos
  hope365: 8 photos
  bethany-house-of-worship-south-ozone-park: 4 photos
  faith-missionary-baptist-church-los-angeles: 7 photos
  mamrelunds-mfs: 1 photos
  reformed-church-of-piermont-piermont: 1 photos
  old-concord-baptist-church-greenville: 1 photos
  first-mexican-baptist-church-rosenberg: 7 photos
  assemblies-of-the-first-born-church-san-diego: 3 photos
  international-church-foursquare-san-ramon: 7 photos
  ambassadors-for-christ-fresno: 6 photos
  fr-armee-du-salut-18: 1 photos
  fr-eglise-evangelique-tzigane-111: 8 photos
  kinsey-drive-baptist-church-dalton: 1 photos
  first-christian-church-athens: 3 photos
  iglesia-cristiana-de-rosenberg-rosenberg: 8 photos
  alexander-chapel-church-of-christ-lubbock: 1 photos
  antioch-baptist-church-naples: 2 photos
  maxey-baptist-church-sumner: 2 photos
  bethleham-missionary-baptist-itasca: 1 photos
  calvary-chapel-titusville-titusville: 1 photos
  oak-grove-baptist-church-kemp: 1 photos
  first-christian-church-ballinger: 4 photos
  iglesia-pentecostal-la-armadura-suwanee: 2 photos
  united-pentescostal-apostolic-waxahachie: 2 photos
  new-smith-chapel-baptist-church-tatum: 1 photos
  fr-espace-evangelique-de-chalon-sur-saone: 1 photos
  baptisit-nueva-vida-edinburg: 8 photos
  fr-eglise-evangelique-les-flambeaux: 1 photos
  fr-eglise-evangelique-baptiste-29: 1 photos
  fr-eglise-evangelique-tzigane-35: 1 photos
  true-believers-wills-point: 4 photos
  abundant-life-church-assembly-of-god-delhi: 8 photos
  church-at-the-grove-covington: 1 photos
  fr-eglise-foursquare-quadrangulaire: 6 photos
  olivet-baptist-church-celeste: 1 photos
  casa-de-dios-sobre-la-roca-port-arthur: 2 photos
  new-beginnings-assembly-of-god-red-hook: 3 photos
  salem-baptist-church-fort-myers: 1 photos
  the-rivers-edge-church-rancho-cucamonga: 8 photos
  grace-temple-church-moreno-valley: 7 photos
  bible-baptist-church-lake-katrine: 2 photos
  christ-community-church-pantego: 8 photos
  solid-rock-bible-fellowship-longview: 8 photos
  branches-fellowship-rosemead: 3 photos
  pine-tree-cumberland-presbyterian-church-longview: 6 photos
  rose-hill-church-of-christ-devine: 6 photos
  triangle-baptist-church-nederland: 6 photos
  fountain-of-life-los-angeles: 2 photos
  sweet-union-church-of-god-christ-wells: 3 photos
  liberty-primitive-baptist-church-oakhurst: 8 photos
  believers-baptist-church-griffin: 8 photos
  proctor-baptist-church-dublin: 1 photos
  camden-assembly-of-god-campbell: 1 photos
  first-lakeview-church-leander: 1 photos
  st-james-missionary-baptist-church-schulenburg: 6 photos
  fireside-drive-baptist-church-dallas: 1 photos
  kingdom-life-ministries-kingston: 8 photos
  austin-baptist-association-austin: 3 photos
  fr-eglise-reformee-evangelique-du-pas-des-cevennes-thoiras: 3 photos
  calvary-baptist-church-colorado-city: 1 photos
  faith-baptst-church-of-gordonvile-gordonville: 2 photos
  first-church-of-god-and-christ-jasper: 1 photos
  mount-hebron-baptist-church-terrell: 1 photos
  bethel-baptist-church-lake-jackson: 8 photos
  fountain-church-lagrange: 5 photos
  first-baptist-church-tenaha: 2 photos
  grace-baptist-church-van: 1 photos
  iglesia-evangelica-cristiana-espiritual-evangelica-church-waco: 3 photos
  eva-chapel-church-of-god-in-christ-wray: 4 photos
  suwanee-full-gospel-church-suwanee: 3 photos
  brevard-baptist-association-rockledge: 1 photos
  challis-baptist-church-brownfield: 1 photos
  templo-bethel-assembly-of-god-baytown: 8 photos
  first-christian-church-of-sandersville-sandersville: 3 photos
  church-of-christ-hamilton: 8 photos
  little-zion-baptist-church-nacogdoches: 4 photos
  rocky-chapel-baptist-church-brenham: 3 photos
  mount-horeb-missionary-baptist-waxahachie: 2 photos
  first-baptist-church-smiley: 1 photos
  fr-eglise-reformee-evangelique-de-laparade: 4 photos
  calvary-baptist-church-lytle: 8 photos
  holy-cross-armenian-apostolic-troy: 3 photos
  grace-bible-chapel-kerrville: 1 photos
  adi-troia: 8 photos
  fr-mission-eglise-de-dieu-de-la-pentecote-internationale: 7 photos
  college-heights-church-san-mateo: 7 photos
  church-of-god-mission-richardson: 1 photos
  grace-covenant-assembly-of-god-hurst: 1 photos
  trinity-baptist-church-aransas-pass: 7 photos
  keeping-him-close-by-bible-church-port-arthur: 1 photos
  johnson-chapel-baptist-church-nacogdoches: 5 photos
  jerusalem-church-god-in-christ-conroe: 1 photos
  christward-ministry-san-marcos: 7 photos
  first-baptist-church-hermon: 1 photos
  korean-memorial-baptist-church-killeen: 1 photos
  highest-praise-church-of-god-mount-vernon: 8 photos
  lord-of-the-harvest-church-san-antonio: 2 photos
  his-freedom-reigns-christian-church-mcdonough: 2 photos
  iglesia-de-dios-aposento-alto-houston: 6 photos
  jubilee-baptist-church-diboll: 2 photos
  peru-church-of-god-peru: 8 photos
  primera-iglesia-bautista-sherman: 1 photos
  fort-phantom-baptist-church-abilene: 1 photos
  southwest-institutional-baptist-los-angeles: 1 photos
  antioch-baptist-church-homerville: 4 photos
  south-bay-community-church-of-the-brethren-redondo-beach: 1 photos
  thousand-oaks-christian-church-san-antonio: 8 photos
  rock-of-salvation-church-haverstraw: 8 photos
  armenian-st-paul-s-apostolic-church-syracuse: 2 photos
  adi-reggio-emilia: 3 photos
  calvary-chapel-south-county-san-juan-capistrano + calvary-chapel-san-juan-capistrano: 8 photos
  first-free-will-baptist-church-blakely: 8 photos
  living-word-apostlic-tabernacle-yonkers: 6 photos
  refuge-baptist-church-cumming: 1 photos
  mt-ara-baptist-church-normangee: 4 photos
  assemblies-of-god-patterson: 3 photos
  first-bapt-church-salamanca: 2 photos
  first-baptist-church-marshallville: 1 photos
  center-for-spiritual-living-san-clemente: 1 photos
  calvary-cross-church-of-god-lemon-grove: 3 photos
  clermont-pentecostal-church-clermont: 5 photos
  oak-grove-church-of-god-tampa: 1 photos
  fr-eglise-de-dieu-7: 3 photos
  college-avenue-baptist-church-levelland: 4 photos
  first-congregational-church-north-collins: 6 photos
  bethel-assembly-of-god-massena: 5 photos
  first-baptist-church-east-aurora-east-aurora: 2 photos
  tolosa-baptist-church-kemp: 8 photos
  grace-tabernacle-grand-prairie: 5 photos
  good-hope-missionary-church-staten-island: 1 photos
  fr-eglise-foursquare-ceev-2: 4 photos
  mt-zion-baptist-church-lake-helen: 8 photos
  adi-rovigo: 7 photos
  faith-christian-center-church-beaumont: 5 photos
  calvary-fellowship-bryan: 7 photos

Done. 213 churches updated, 800 photos mirrored to R2.
Raw archive: /Users/dpr/Code/Projekt/gospelmigration/data/places-raw/photos-run-2026-07-03.jsonl
Failures (527):
  - unmatched placeId 
  - unmatched placeId 
  - unmatched placeId 
  - faith-assembly-of-god-granbury[0]: http_403
  - first-baptist-church-roby[0]: http_403
  - killeen-central-baptist-church-killeen[0]: http_403
  - first-baptist-church-roby: all 1 downloads failed — sentinel'd
  - cornerstone-christian-fellowship-corpus-christi[0]: http_403
  - killeen-central-baptist-church-killeen: all 1 downloads failed — sentinel'd
  - hall-chapel-baptist-church-brazoria[0]: http_403
  - hall-chapel-baptist-church-brazoria: all 1 downloads failed — sentinel'd
  - williamson-baptist-association-georgetown[0]: http_403
  - caney-creek-baptist-church-malakoff[0]: http_403
  - caney-creek-baptist-church-malakoff: all 1 downloads failed — sentinel'd
  - freedom-bible-church-belton[0]: http_403
[loop] 2026-07-03 21:07:17 chunk 5 starting
Targets: 400 churches
maxImages=8, estimated Apify cost ~$4.00
Starting Apify compass~crawler-google-places for 399 place ids...
Run lvAmgPdUtVNu8Baa4, dataset X6TPA7zIdxoHuh9uw
Dataset items: 399
  st-john-s-episcopal-church-carthage: 2 photos
  the-church-of-i-am-beaumont: 2 photos
  peaceful-rest-baptist-church-port-arthur: 3 photos
  finger-lakes-baptist-association-henrietta: 1 photos
  cherry-mound-baptist-church-denison: 3 photos
  brazos-street-baptist-church-lockhart: 2 photos
  lawler-baptist-church-florence: 6 photos
  holy-temple-cogic-ennis: 8 photos
  emmanuel-faith-tabernacle-grovetown: 1 photos
  stonecrest-baptist-church-woodstock: 2 photos
  aledo-christian-center-aledo: 1 photos
  la-economia-de-dios-los-angeles: 2 photos
  pilgrim-hill-baptist-church-tomball: 1 photos
  bethel-pentecostal-ennis: 7 photos
  truth-missionary-baptist-church-texas-city: 5 photos
  fr-eglise-evangelique-baptiste-6: 2 photos
  iglesia-del-nazareno-laredo: 8 photos
  st-paul-baptist-church-victoria: 6 photos
  adi-torino-via-brandizzo: 8 photos
  fr-assemblee-chretienne-14: 3 photos
  corinth-baptist-church-arnoldsville: 8 photos
  mahanaim-christian-fellowship-crowley: 3 photos
  fr-armee-du-salut-6: 4 photos
  bethel-missionary-baptist-church-grand-ridge: 2 photos
  memorial-baptist-church-denton: 5 photos
  adi-savona: 8 photos
  oak-dale-baptist-church-newberry: 1 photos
  fr-addc-de-saint-joseph: 8 photos
  church-of-the-living-god-cwff-lufkin: 2 photos
  river-worship-center-vidor: 1 photos
  fr-eglise-protestante-evangelique-shalom-e-p-e-s: 8 photos
  emmanuel-baptist-church-of-cibolo-converse: 3 photos
  american-indian-bible-church-south-gate: 5 photos
  st-mary-s-baptist-church-waco: 1 photos
  cross-point-baptist-church-gainesville: 3 photos
  true-born-church-of-christ-deliverance-center-inc-statesboro: 3 photos
  love-center-church-of-god-in-christ-port-arthur: 8 photos
  old-field-church-of-god-christ-bon-wier: 1 photos
  good-hope-baptist-church-marshall: 1 photos
  adi-mongiuffi-melia: 7 photos
  mount-calvary-baptist-church-cairo: 1 photos
  fr-eglise-evangelique-baptiste-50: 1 photos
  landmark-missionary-baptist-church-lompoc: 1 photos
  central-ojai-church-of-christ-ojai: 3 photos
  landmark-missionary-baptist-merced: 3 photos
  church-of-god-anderson-indiana-escondido: 4 photos
  glad-tiding-baptist-church-medina: 1 photos
  church-of-god-prophecy-maud: 3 photos
  new-life-baptist-church-niagara-falls: 2 photos
  followers-of-christ-church-wills-point: 8 photos
  new-jerusalem-church-temple: 6 photos
  pasadena-brethren-church-pasadena: 1 photos
  saint-mathews-baptist-church-fulshear: 2 photos
  fellowship-missionary-baptist-church-joaquin: 1 photos
  roach-church-of-god-christ-atlanta: 2 photos
  iglesia-camino-verdad-y-vida-huntington-station: 1 photos
  greater-love-tabernacle-bronx: 4 photos
  fr-eglise-royaume-et-amour-du-christ: 8 photos
  first-lutheran-church-palo-alto: 8 photos
  fr-eglise-protestante-evangelique-parole-de-vie: 7 photos
  calvary-baptist-church-orange: 2 photos
  hubbard-missionary-baptist-ch-de-kalb: 5 photos
  hubbard-chapel-church-tennille: 8 photos
  new-hope-church-jamestown: 4 photos
  evangelical-formosan-church-buena-park: 8 photos
  milford-center-community-bible-church-oneonta: 3 photos
  omega-baptist-church-immokalee: 1 photos
  first-baptist-head-start-pittsburg: 4 photos
  apostolic-house-of-worship-belton: 1 photos
  community-bible-church-of-la-habra-la-habra: 1 photos
  lee-spring-baptist-church-flint: 3 photos
  lawrence-springs-baptist-church-grand-saline: 3 photos
  first-union-missionary-baptist-church-fresno: 2 photos
  friendship-missionary-baptist-yulee: 1 photos
  san-felipe-baptist-richmond: 3 photos
  first-baptist-church-raymondville: 7 photos
  mallary-baptist-association-inc-albany: 1 photos
  midway-assembly-of-god-arthur-city: 1 photos
  fr-eglise-mission-timothee-de-la-neuville-en-hez: 5 photos
  the-rock-odessa-church-odessa: 1 photos
  olin-hico: 2 photos
  revival-point-church-chattanooga: 5 photos
  lake-station-baptist-church-goodrich: 4 photos
  palm-city-chapel-mcallen: 4 photos
  first-baptist-church-darrouzett: 3 photos
  new-life-christian-chapel-san-diego: 3 photos
  freedom-missionary-baptist-church-odessa: 2 photos
  church-of-god-saints-christ-rochester: 2 photos
  adi-camporotondo-etneo: 8 photos
  rise-up-church: 3 photos
  mount-olive-baptist-church-bryan: 5 photos
  renovation-life-church-kissimmee: 2 photos
  oak-grove-missionary-baptist-church-ebro: 3 photos
  san-mateo-baptist-church-jacksonville: 8 photos
  triumphant-life-church-jamestown: 5 photos
  mountain-of-grace-int-minstries-e-v: 8 photos
  spiritual-enlightenment-baptist-houston: 2 photos
  transport-for-christ-sacramento: 1 photos
  fr-eglise-evangelique-vietnamienne: 3 photos
  liberty-baptist-church-brenham: 2 photos
  pattonville-baptist-church-pattonville-pattonville: 1 photos
  little-rock-missionary-baptist-baytown: 1 photos
  corning-first-baptist-church-corning: 8 photos
  koinonia-christian-fellowship-jamestown: 3 photos
  south-georgia-church-of-god-guest-housing-tifton: 2 photos
  greater-new-hope-baptist-church-midland: 1 photos
  vid-verdadera-windsor: 5 photos
  new-hope-baptist-church-crosby: 5 photos
  church-of-god-of-prophecy-tyler: 2 photos
  new-zion-baptist-church-borger: 1 photos
  first-southern-baptist-church-lakeport: 1 photos
  county-line-baptist-church-ben-wheeler: 4 photos
  rccg-open-heavens-fort-lauderdale-oakland-park: 4 photos
  cornerstone-word-of-faith-church-iowa-park: 2 photos
  church-on-the-solid-rock-lake-forest: 1 photos
  hillcrest-baptist-church-altha: 5 photos
  mount-zion-baptist-church-navasota: 1 photos
  new-bethel-pentecostal-church-balch-springs: 5 photos
  brooklyn-alliance-church-brooklyn: 1 photos
  treasure-coast-baptist-association-fort-pierce: 4 photos
  roberson-temple-church-of-god-texarkana: 2 photos
  first-baptist-church-of-clayton-carthage: 1 photos
  adi-saronno: 6 photos
  mt-moriah-baptist-church-palestine: 2 photos
  apostolic-missionary-church-crystal-city: 6 photos
  chicota-baptist-church-arthur-city: 2 photos
  faith-chinese-alliance-church-oakland: 3 photos
  back-to-the-bible-church-oakwood: 2 photos
  fr-eglise-evangelique-de-la-guadeloupe-le-salut-pour-tous-15: 2 photos
  brown-grove-baptist-church-east-dublin: 2 photos
  adi-policoro: 5 photos
  fr-eglise-evangelique-methodiste-11: 1 photos
  iglesia-apostolica-dinuba: 1 photos
  calvary-missionary-baptist-church-silsbee: 7 photos
  assembly-of-god-church-de-leon: 1 photos
  first-presbyterian-church-of-warrensburg-warrensburg: 1 photos
  holy-city-church-buena-park: 2 photos
  new-life-church-middletown-middletown: 2 photos
  st-emanuel-church-of-god-in-christ-denison: 7 photos
  lone-star-baptist-church-lone-star: 2 photos
  empowerment-church-frisco: 8 photos
  fr-add-du-marin: 1 photos
  mountain-river-christian-church-catskill: 7 photos
  greater-zion-hill-baptist-church-tatum: 1 photos
  prairie-point-church-of-the-nazarene-forestburg: 8 photos
  first-mexican-baptist-church-wichita-falls: 1 photos
  bowie-street-church-of-christ-texarkana: 1 photos
  cooper-creek-baptist-church-denton: 8 photos
  first-assembly-of-god-dimmitt: 1 photos
  brethren-church-rosenberg: 1 photos
  the-united-pentecostal-church-tyler: 4 photos
  manchaca-bible-fellowship-manchaca: 1 photos
  cedar-valley-baptist-church-salado: 2 photos
  fr-eglise-evangelique-baptiste-4: 2 photos
  pryor-hill-baptist-church-henderson: 2 photos
  new-era-missionary-baptist-church-kathleen: 2 photos
  noah-s-ark-outreach-ministry-wichita-falls: 8 photos
  bethlehem-christian-church-bay-city: 1 photos
  real-life-fellowship-portland: 8 photos
  primera-iglesia-bautista-weatherford: 8 photos
  marshall-chapel-baptist-church-waco: 8 photos

Done. 161 churches updated, 558 photos mirrored to R2.
Raw archive: /Users/dpr/Code/Projekt/gospelmigration/data/places-raw/photos-run-2026-07-03.jsonl
Failures (591):
  - st-john-s-episcopal-church-carthage[2]: http_403
  - the-church-of-i-am-beaumont[2]: http_403
  - templo-galilea-galena-park[0]: http_403
  - templo-galilea-galena-park: all 1 downloads failed — sentinel'd
  - north-temple-baptist-church-pecos[0]: http_403
  - north-temple-baptist-church-pecos: all 1 downloads failed — sentinel'd
  - cherry-mound-baptist-church-denison[0]: http_403
  - peaceful-rest-baptist-church-port-arthur[3]: http_403
  - church-of-god-in-christ-winnsboro[0]: http_403
  - church-of-god-in-christ-winnsboro: all 1 downloads failed — sentinel'd
  - bethany-romanian-pentecostal-church-waco[0]: http_403
  - bethany-romanian-pentecostal-church-waco: all 1 downloads failed — sentinel'd
  - karnack-baptist-church-karnack[0]: http_403
  - karnack-baptist-church-karnack: all 1 downloads failed — sentinel'd
  - brazos-street-baptist-church-lockhart[2]: http_403
[loop] 2026-07-03 21:14:14 chunk 6 starting
Targets: 400 churches
maxImages=8, estimated Apify cost ~$4.00
Starting Apify compass~crawler-google-places for 395 place ids...
Run KWZITs1tk02msbONh, dataset oUubwuvh1Tr7BRPCe
Dataset items: 395
  chiesa-breccia-di-roma: 8 photos
  kensit-evangelical-church: 8 photos
  island-evangelical-community-church-ecc: 8 photos
  immanuel-baptist-church: 8 photos
  gas-street-church: 8 photos
  centro: 8 photos
  calgary-life-church: 8 photos
  calvary-church-kuala-lumpur: 8 photos
  biserica-m28-bucuresti: 8 photos
  southern-cross-church: 1 photos
  kharis-church: 8 photos
  saalem-helsinki: 7 photos
  planetshakers: 8 photos
  melbourne-church-of-christ: 8 photos
  sos-church: 8 photos
  favor-church: 8 photos
  vineyard-london: 4 photos
  feg-luzernsud: 8 photos
  gold-coast-christian-church: 3 photos
  tampereen-helluntaiseurakunta: 8 photos
  house-hold-of-david: 8 photos
  miel-san-marcos: 8 photos
  light-house-fellowship-palmdale: 1 photos
  26th-st-community-bible-church-san-bernardino: 3 photos
  norkirken-bergen: 5 photos
  fr-eglise-evangelique-baptiste-34: 3 photos
  kingdom-christian-center-healdsburg: 2 photos
  the-river-church-san-diego: 4 photos
  pibbh-i-primeira-igreja-batista-de-belo-horizonte: 7 photos
  fr-eglise-evangelique-le-temple-miracle: 2 photos
  omega-haitian-church-fort-myers: 1 photos
  fr-eglise-de-dieu-2: 1 photos
  fr-eglise-siloe: 1 photos
  caps-baptist-church-abilene: 8 photos
  oslo-international-church: 4 photos
  malayalam-pentecostal-church-cork-ebenezer-worship-centre: 8 photos
  eglise-paris-m-tropole: 8 photos
  korskyrkan-umea: 8 photos
  crc-church: 8 photos
  gbi-sukawarna-cabang-tjokro-hotel: 8 photos
  vineyard-church-cardiff-central: 8 photos
  the-elevation-church-london: 8 photos
  community-church: 8 photos
  grace-revival-church-hong-kong: 8 photos
  bethel-pentecostal-church: 8 photos
  the-vine-community-church: 3 photos
  eglise-protestante-evangelique-de-nice-pessicart: 3 photos
  redeemer-church-of-dubai: 8 photos
  rhema-bible-church: 8 photos
  igreja-do-recreio: 8 photos
  southeast-christian-church: 8 photos
  new-life-church: 8 photos
  eglise-protestante-evangelique-ecub: 4 photos
  gospel-tabernacle-assembly-of-god-church: 8 photos
  the-gate-church: 8 photos
  healing-place-church-spain: 8 photos
  international-baptist-church-of-budapest: 8 photos
  tree-of-life-church: 8 photos
  igreja-presbiteriana-unida-de-s-xe3-o-paulo: 8 photos
  renewal-church-nairobi: 8 photos
  vineyard-church-uk: 8 photos
  favor-church-seoul: 8 photos
  st-andrew-s-cathedral: 8 photos
  the-belonging-co: 8 photos
  jesus-culture: 8 photos
  calvary-cork: 8 photos
  victory-church-philippines: 8 photos
  icf-church-karlsruhe: 8 photos
  cork-church: 8 photos
  betlehemskyrkan-g-teborg: 8 photos
  christ-city-church-central: 8 photos
  life-church-international: 8 photos
  eglise-protestante-evangelique-de-bruxelles: 8 photos
  eglise-protestante-evangelique-de-bruxelles-woluwe: 8 photos
  centre-street-church-calgary: 8 photos
  internationale-freikirche: 3 photos
  betaniakyrkan-i-malm: 8 photos
  pingstkyrkan-vasteras: 8 photos
  hackney-church: 8 photos
  iglesia-evangelica-salem-madrid: 8 photos
  chiesa-valdese-di-milano: 8 photos
  village-church-brisbane-office: 8 photos
  igreja-apost-lica-renascer-em-cristo: 8 photos
  durban-christian-centre-jesus-dome: 8 photos
  church-in-odense: 8 photos
  peace-tower-church: 8 photos
  life-church: 8 photos
  passion: 8 photos
  vineyard-bern: 3 photos
  frikirken-randers: 7 photos
  cityalight: 8 photos
  housefires: 8 photos
  upperroom: 8 photos
  filadelfiakyrkan-stockholm: 8 photos
  igreja-em-belo-horizonte: 8 photos
  the-worship-centre-church-assemblies-of-god: 8 photos
  warsaw-international-church: 8 photos
  carlskyrkan: 8 photos
  calvary-chapel-helsinki: 5 photos
  hillsong-church-stockholm + hillsong-church-sweden: 8 photos
  jesusrev-church-hamburg-gemeinde-anker-gnade-jesus: 4 photos
  more-than-conquerors-faith-church: 8 photos
  iglesia-cristiana-en-madrid-espa-a: 8 photos
  bethany-fellowship-full-gospel-church-claremont-cape-town: 8 photos
  iglesia-cristiana: 8 photos
  ecclesia-church: 2 photos
  eglise-protestante-evangelique-la-moisson-des-bles: 3 photos
  new-millennium-evagelical-church: 8 photos
  church-in-bristol: 8 photos
  immanuel-church + immanuelskyrkan: 8 photos
  arun-church: 8 photos
  eglise-evang-lique-provence-24: 7 photos
  church-on-the-rock: 6 photos
  centrumkyrkan: 8 photos
  domkerk: 8 photos
  ev-freikirchliche-gemeinde-berlin-oberschoneweide: 7 photos
  riverside-church-budapest: 8 photos
  igreja-renascer: 8 photos
  c3-church-toronto: 8 photos
  trondheim-international-church: 8 photos
  zoe-church: 8 photos
  kensington-temple: 8 photos
  faith-fellowship: 6 photos
  heart-city-church: 8 photos
  hillsong-berlin: 8 photos
  iglesia-el-lugar-de-su-presencia: 8 photos
  restoration-anglican-church: 4 photos
  helsingin-vapaaseurakunta: 8 photos
  imi-kirken: 8 photos
  vineyard-cincinnati: 8 photos
  iglesia-en-su-presencia: 8 photos
  freie-evangelische-gemeinde-hannover: 3 photos
  eglise-protestante-paris-alesia: 8 photos
  jacobi: 7 photos
  vous-church: 8 photos
  offene-kirche-elisabethen-basel: 8 photos
  pinsekirken-sandvika: 8 photos
  new-life-church-dusseldorf: 8 photos
  vineyard-columbus: 8 photos
  emirates-baptist-church-international-ebci-dubai-uae: 8 photos
  newspring-church: 8 photos
  kingsway-church: 8 photos
  eglise-protestante-unie-de-nice: 8 photos
  freie-evangelische-gemeinde-feg-hamburg-horn: 2 photos
  sodertornkyrkan: 8 photos
  liberte-church: 8 photos
  buckingham-chapel: 8 photos
  christ-fellowship-church: 8 photos
  international-christian-centre-nairobi-icc-nairobi: 8 photos
  hey-church-hamburg: 8 photos
  eglise-evangelique-nice-l-ariane-i-add: 8 photos
  christ-s-commission-fellowship: 7 photos
  pingstforsamlingen-i-jonkoping: 8 photos
  revelation-church-manchester: 8 photos
  higher-ground-church: 6 photos
  incite-church: 8 photos
  newhope-church-espoo: 8 photos
  danforth-gospel-hall: 6 photos
  birmingham-church-west-midlands: 1 photos
  paris-centre-church-eglise-paris-centre: 8 photos
  cupolen-pingstkyrkan-linkoping: 8 photos
  emmanuel-international-church: 7 photos
  full-gospel-assembly-ca: 4 photos
  evangelisch-freikirchliche-gemeinde-baptisten-hannover-linden: 1 photos
  iglesia-bethel: 8 photos
  christian-life-church: 8 photos
  eglise-mlk: 8 photos
  eglise-grace-et-verite-pour-les-nations: 8 photos
  manchester-church-of-christ: 3 photos
  the-potter-s-house-of-fort-worth: 8 photos
  evangeliums-christen-gemeinde-hannover: 8 photos
  nottingham-community-church: 2 photos
  watoto-church: 8 photos
  christian-bible-church-of-the-philippines: 8 photos
  park-community-church-near-north: 8 photos
  bykirken: 8 photos
  elim-pentecostal-church-uk: 8 photos
  wearechurch: 8 photos
  eglise-evangelique-de-reveil: 8 photos
  one-church-manchester-outpost: 8 photos
  saddleback-church: 8 photos
  hillsong-copenhagen: 8 photos
  c3-church: 8 photos
  new-life: 7 photos
  the-stone-church-mokola-ibadan: 8 photos
  christianskirken-aarhus: 8 photos
  gospel-center-lausanne: 8 photos
  lifepoint-church: 8 photos
  church-of-the-living-god: 8 photos
  parroquia-de-santa-cristina-y-santa-margarita-maria-de-alacoque: 8 photos
  fokus-kirche: 8 photos
  friedenskirche-berlin-charlottenburg-baptisten: 8 photos
  church-cologne: 8 photos
  eglise-evangelique-estavayer-le-lac: 4 photos
  evangelische-freikirche-torstra-e: 8 photos
  iglesia-del-camino: 8 photos
  gape-church: 8 photos
  being-built-together: 8 photos
  valencia-church: 8 photos
  church-for-the-nations: 8 photos
  fiec + city-church-manchester: 8 photos
  church-fi: 8 photos
  church-in-birmingham: 8 photos
  iglesia-evang-lica-bautista-la-luz-m-laga: 7 photos
  valkommen-till-citykyrkan-goteborg-citykyrkan: 3 photos
  vancouver-church: 8 photos
  mount-salem-open-bible-church: 7 photos
  iglesia-evangelica-bautista-el-rey-jesus: 8 photos
  iglesias-cristianas: 8 photos
  filadelfiakirken-vestby: 2 photos
  pingstkyrkan-sundsvall: 8 photos
  gemeinde-auf-dem-weg-evangelische-freikirche-e-v: 8 photos
  lahden-vapaaseurakunta: 3 photos
  victory-bible-church-international-uk: 1 photos
  pingstkyrkan-bredang: 8 photos
  grace-christian-church-of-the-philippines: 8 photos
  lakewood-church-espa-ol: 8 photos
  filadelfia-kristiansand: 8 photos
  grace-church-manchester: 1 photos
  la-buena-nueva-iglesia-valencia-espana: 6 photos
  iglesia-evangelica-comunidad-de-gracia: 8 photos
  peoples-church-of-montreal: 8 photos
  venture-christian-church: 8 photos
  life-church-graz-freikirche: 8 photos
  forum-hoffnung-evangelisch-freikirchliche-gemeinde-dresden: 8 photos
  catedral-evangelica-de-sao-paulo: 8 photos
  life-fellowship: 8 photos
  bergen-frikirke: 8 photos
  life-church-bristol: 8 photos
  greater-jerusalem-baptist-church: 3 photos
  cbg-church-munich: 8 photos
  grace-london: 8 photos
  cedars-church: 7 photos
  central-church-bristol: 8 photos
  house-of-worship: 8 photos
  living-god-gospel-church: 8 photos
  abbey-road-baptist-church: 8 photos
  love-story-church: 6 photos
  jesus-church: 8 photos
  stadskerk-040: 8 photos
  ivy-pentecostal-church: 2 photos
  lukas-gemeinde: 8 photos
  lobpreishaus-dresden: 2 photos
  livres-church: 8 photos
  vallhamrakyrkan: 8 photos
  fr-eglise-evangelique-vie-et-lumiere-3: 1 photos
  full-gospel-church-international-holy-ghost-chapel-odorkor: 4 photos
  en-esp-ritu-y-en-verdad: 7 photos
  pinsekirken-tabernaklet-bergen: 8 photos
  die-familienkirche: 4 photos
  karismakirken: 6 photos
  glasgow-elim-church: 8 photos
  manifest-church-manchester: 8 photos
  every-nation-auckland: 7 photos
  oasis-church-birmingham-middot-oasis-church-birmingham: 8 photos
  bridge-community-church: 8 photos
  gospelhouse: 8 photos
  iglesia-evangelica-bautista-de-hostafrancs: 4 photos
  catholic-church-of-the-assumption: 8 photos
  ylistaron-helluntaiseurakunta: 2 photos
  christliches-zentrum-hannover: 3 photos
  jesus-haus: 8 photos
  gothenburg-church-of-christ: 8 photos
  frikirken: 8 photos
  iglesia-cristiana-evang-lica-de-chamart-n: 8 photos
  christus-gemeinde-wien: 8 photos
  christusgemeente: 7 photos
  ggc-life-church: 8 photos
  miracle-center-church-berlin: 8 photos
  freikirche-mit-gottesdiensten-in-zurich-und-horgen: 8 photos
  chorlton-evangelical-church-manchester: 7 photos
  zion-church: 8 photos
  empowerment-worship-centre-prayer-factory: 8 photos
  worship-harvest: 8 photos
  c3-church-hanau: 8 photos
  church-of-the-highlands: 8 photos
  eglise-connexion: 3 photos
  mavuno-church: 8 photos
  ethiopian-evangelical-church-in-finland: 7 photos
  malmo-pingstforsamling: 8 photos
  saronkyrkan: 8 photos
  every-nation-durban: 8 photos
  icf-basel-ndash-kirche-neu-erleben: 8 photos
  steinekirche: 7 photos
  word-of-life-church: 8 photos
  glise-protestante-de-gen-ve: 8 photos
  igreja-crist-maranata: 8 photos
  destiny-church-germany: 6 photos
  river-of-life-church: 8 photos
  eglise-reformee-evangelique-de-toulouse-eret: 8 photos
  hoboken-gospel-chapel: 7 photos
  icf-church-hamburg: 8 photos
  brown-trail-gospel-assembly: 8 photos
  icf-bern: 3 photos
  winners-chapel-international-manchester: 8 photos
  eglise-evangelique-de-toulouse-ouest: 8 photos
  citychurch-koln-aachen-bergisch-gladbach: 4 photos
  momentum-church: 8 photos
  freie-evangelische-gemeinde-munchen-mitte: 8 photos
  citichurch-cebu: 8 photos
  calgary-full-gospel-church: 6 photos
  the-moody-church: 8 photos
  centre-evangelique-philadelphia: 8 photos
  every-nation-brisbane: 8 photos
  city-on-a-hill-melbourne: 8 photos
  ggc-life-western-sydney: 8 photos
  the-tron-church-glasgow: 8 photos
  eglise-protestante-unie-de-loire-atlantique: 8 photos
  parola-della-grazia-milano: 8 photos
  glise-vang-lique-baptiste-de-lyon: 4 photos
  unity-on-the-bay: 8 photos
  liberty-church-london: 8 photos
  every-nation-kirche-berlin: 8 photos
  eglise-la-reconciliation: 6 photos
  oulun-helluntaiseurakunta: 8 photos
  kings-cross-church: 8 photos
  faith-christian-center: 8 photos
  iglesia-pentecostal-unida-de-aragon: 8 photos
  first-coast-chr-jacksonville: 7 photos
  vancouver-vineyard-church: 8 photos
  fr-eglise-evangelique-pain-de-vie: 2 photos
  chapelle-de-fuveau: 4 photos
  church-of-the-ascension: 7 photos
  hope-bible-church: 8 photos
  glise-saint-georges: 8 photos
  new-beginnings-international-church: 1 photos
  redeemer-church-in-manchester: 8 photos
  icf-essen + icf-essen-kirche-neu-erleben: 8 photos
  glise-vang-lique-baptiste-de-paris-centre: 1 photos
  word-for-the-world-tel-aviv: 1 photos
  eglise-marseille-kleber: 5 photos
  icf-munich: 8 photos
  gemeinde-und-missionswerk-arche: 8 photos
  lifechurch-wil: 8 photos
  crossroads-international-church-basel: 8 photos
  eglise-action-biblique-de-marseille: 8 photos
  international-protestant-church-of-zurich: 4 photos
  evangelisch-freikirchliche-gemeinde-jacobstra-e-leipzig: 4 photos
  iglesia-pasion-por-cristo-en-madridla-gracia: 8 photos
  glasgow-church-of-christ: 2 photos
  union-hall-evangelical-church: 8 photos
  eglise-evangelique-baptiste-de-strasbourg-ebs: 8 photos
  eglise-evangelique-l-esperance: 7 photos
  west-chicago-bible-church: 8 photos
  west-calgary-full-gospel-church: 3 photos
  stockholm-community: 8 photos
  icf-zurich: 8 photos
  eglise-evangelique-de-bordeaux-centre: 5 photos
  eglise-montplaisir: 8 photos
  outbreakband: 8 photos
  charisma-eglise-chretienne: 7 photos
  icf-berlin: 8 photos
  c3-imagine-amsterdam: 8 photos
  trailhead-church: 8 photos

Done. 358 churches updated, 2471 photos mirrored to R2.
Raw archive: /Users/dpr/Code/Projekt/gospelmigration/data/places-raw/photos-run-2026-07-03.jsonl
Failures (164):
  - southern-cross-church[0]: http_403
  - grace-church-stockholm[0]: http_403
  - grace-church-stockholm: all 1 downloads failed — sentinel'd
  - saalem-helsinki[4]: http_429
  - vineyard-london[3]: http_403
  - unmatched placeId 
  - gold-coast-christian-church[3]: http_403
  - unmatched placeId 
  - unmatched placeId 
  - collegiate-church-corp-new-york[0]: http_403
  - collegiate-church-corp-new-york: all 1 downloads failed — sentinel'd
  - spirit-of-life-fellowship-white-plains[0]: http_403
  - spirit-of-life-fellowship-white-plains: all 1 downloads failed — sentinel'd
  - unmatched placeId ChIJeaRp58xJSYYRyvcEBLrxtYA
  - true-vine-baptist-church-campbell[0]: http_403
[loop] 2026-07-03 21:29:18 chunk 7 starting
Targets: 400 churches
maxImages=8, estimated Apify cost ~$4.00
Starting Apify compass~crawler-google-places for 391 place ids...
Run LDlrVSjGHhqwzSrI3, dataset chgq1eqEuCBjyifti
Dataset items: 391
  gracelife-london: 5 photos
  l-i-f-e-church-inc-southampton: 8 photos
  phoenix-christian-assembly: 8 photos
  the-full-gospel-revival-centre: 8 photos
  hope-christian-church: 8 photos
  every-nation-church-london: 8 photos
  nashville-life-church: 7 photos
  passion-city-church: 8 photos
  second-city-church: 8 photos
  phoenix-bible-church: 8 photos
  freie-christengemeinde-pfingstgemeinde: 8 photos
  home: 8 photos
  cig-christliche-internationale-gemeinde: 8 photos
  home-raquo-church-of-christ-malaga: 6 photos
  jesus-haus-gemeinde: 8 photos
  international-church-of-bangkok: 8 photos
  christengemeinde-arche-alstertal: 7 photos
  barkersville-christian-church-middle-grove: 2 photos
  nicolaikerk: 8 photos
  nieuwe-kerk-utrecht-wittevrouwen: 8 photos
  north-point-community-church: 8 photos
  fresh-word-christian-center-decatur: 1 photos
  oasis-church-birmingham-oasis-church-birmingham: 8 photos
  oitava-igreja-presbiteriana: 8 photos
  iglesia-evangelica-bautista-la-buena-nueva: 6 photos
  odense-vineyard-kirke: 8 photos
  campbell-gospel-chapel: 7 photos
  severn-church-bristol: 4 photos
  historic-first-church-of-god-in-christ: 8 photos
  community-gospel-church: 4 photos
  liberty-temple-full-gospel-church-of-chicago: 8 photos
  new-life-church-assemblies-of-god: 8 photos
  icf-radio-ndash-kirche-neu-erleben: 8 photos
  eglise-protestante-evangelique-l-eau-vive: 1 photos
  ccf-singapore: 8 photos
  the-crossing-hong-kong: 8 photos
  icf-tel-aviv: 8 photos
  new-covenant-worship-center + church-of-god-worship-center: 8 photos
  fredrikstad-frikirke: 8 photos
  catch-the-fire-toronto: 8 photos
  hungarian-reformed-church-of-san-francisco-vicinity: 5 photos
  haven-kirche: 8 photos
  pingstkyrkan: 8 photos
  pingstkyrkan-kaxholmen: 7 photos
  pentecostal-gospel-international-center: 8 photos
  comunidad-de-amor-cristiano-iglesia-evangelica-pentecostal: 8 photos
  foursquare-gospel-church: 8 photos
  prestonwood-baptist-church: 8 photos
  lifecenter-church-linkoping: 8 photos
  reality-church-london: 3 photos
  primeira-igreja-batista-reformada-de-curitiba: 8 photos
  foursquare-gospel-church-wuse-abuja: 8 photos
  porte-ouverte: 8 photos
  regiogemeinde-riehen: 8 photos
  eglise-missionnaire-evangelique-et-pentecotiste: 8 photos
  pleno-louvor-church: 8 photos
  ivy-church-bristol: 2 photos
  revelation-church: 8 photos
  resound-church: 8 photos
  igreja-ad-barra-da-tijuca: 8 photos
  churchome: 2 photos
  hillsong-paris: 8 photos
  hope-church-munich: 5 photos
  ebenezer-church: 8 photos
  ivy-church-manchester: 8 photos
  emmanuel-church: 8 photos
  igreja-batista-da-lagoinha: 8 photos
  king-s-church-london: 8 photos
  king-of-kings-community-jerusalem: 8 photos
  fort-lee-gospel-church: 6 photos
  kirche-im-pott: 8 photos
  calvary-stockholm: 8 photos
  foursquare-gospel-church-vgc: 8 photos
  lifechurch-manchester: 8 photos
  city-christian-centre: 8 photos
  iglesia-evangelica-las-aguilas: 8 photos
  international-baptist-church-of-zurich: 8 photos
  igreja-mananciais: 8 photos
  city-church-dublin: 8 photos
  sampa-church: 8 photos
  worship-church: 8 photos
  koscio-dom-we-wroc-awiu-sch-wroc-aw: 8 photos
  saddleback-church-germany: 8 photos
  rock-church-san-diego: 8 photos
  saron: 3 photos
  san-francisco-gospel-church: 4 photos
  jubilee-evangelical-church: 8 photos
  scots-church-melbourne: 7 photos
  community-church-berlin: 7 photos
  equmeniakyrkan: 1 photos
  freedom-church-cardiff: 8 photos
  igreja-evang-lica-louvor-adora-o: 3 photos
  igreja-bola-de-neve: 8 photos
  evangelisch-freikirchliche-gemeinde-hannover-walderseestra-e: 8 photos
  evangelisch-freikirchliche-gemeinde-berlin-sw-e-v: 7 photos
  internationale-gemeinde-koln: 8 photos
  iglesia-pasi-n-por-cristo-en-madrid-2022-la-gracia: 8 photos
  palabra-y-adoracion-iglesia-cristiana: 8 photos
  one-city-church-abuja: 8 photos
  filadelfia-oslo + filadelfiakirken-oslo: 8 photos
  opwekking: 8 photos
  iglesia-pentecostal-en-barcelona: 8 photos
  grace-point-church-abilene: 7 photos
  seacoast-church: 8 photos
  iglesia-renacer-malaga: 8 photos
  iglesia-verbo-de-dios: 8 photos
  city-church-cardiff: 8 photos
  church-of-christ-lekki: 3 photos
  redland-church-bristol: 8 photos
  ottawa-church-of-god: 1 photos
  new-mount-gilead-baptist-church-dallas: 1 photos
  el-faro-international-evangelical-church-valencia: 2 photos
  reliant-center-ithaca: 3 photos
  hillsong-church-london: 8 photos
  born-again-church: 8 photos
  acts-full-gospel-church: 7 photos
  eglise-lyon: 2 photos
  grace-gospel-worship-center: 6 photos
  first-evangelical-free-church: 8 photos
  changing-a-generation-full-gospel-baptist-church: 8 photos
  elim-kirche-hamburg: 8 photos
  american-church-in-berlin-e-v: 8 photos
  pingstkyrka + pingstf-rsamlingen-stockholm: 8 photos
  611: 8 photos
  iglesia-unida-betel: 5 photos
  elim-hannover: 8 photos
  kbh-frikirke: 8 photos
  alpenchurch: 4 photos
  city-church-lagos: 8 photos
  city-church: 5 photos
  gpdi-lembah-pujian: 8 photos
  southside-bible-church-canberra: 4 photos
  gospel-hall-melbourne: 5 photos
  anker-kirche: 5 photos
  city-church-stockholm: 8 photos
  abide-osaka: 8 photos
  gmi-church-gospel-missions-international: 4 photos
  aalborg-citykirke: 8 photos
  pinsekirken-nyt-hab: 1 photos
  city-church-bristol: 1 photos
  radiant-life-church-dublin: 8 photos
  gospel-baptist-church: 8 photos
  vineyard-amsterdam: 8 photos
  gospel-church-munchen: 1 photos
  oslo-kristne-senter: 8 photos
  eglise-protestante-evangelique-de-marseille-saint-just: 4 photos
  ags-siloam: 8 photos
  gospel-pentecostal: 1 photos
  equippers-berlin: 8 photos
  korskyrkan-stockholm: 8 photos
  fellowship-church: 8 photos
  all-nations-community-church: 8 photos
  the-gospel-centre: 4 photos
  ryttargardskyrkan: 8 photos
  reformierte-kirche-z-rich: 8 photos
  buckhead-church: 8 photos
  peoples-church: 8 photos
  royalhouse-chapel-international: 8 photos
  din-frikirke-haderslev: 2 photos
  filadelfiakyrkan: 8 photos
  golgota-budapest: 8 photos
  zollhaus-kirche-die-begeistert: 8 photos
  the-fortified-city-church: 8 photos
  fabric-church: 8 photos
  faith-church-budapest: 7 photos
  soul-city-church: 8 photos
  primera-iglesia-evangelica-bautista-de-valencia + iglesia-evang-lica-bautista-de-valencia: 8 photos
  the-vine-church: 8 photos
  familia-church-brussels: 8 photos
  transformation-church: 8 photos
  faith-temple-assemblies-of-god: 8 photos
  jesus-is-lord-church: 8 photos
  biserica-crestina-penticostala-elim: 7 photos
  evangelische-gemeinde-elim-leipzig: 8 photos
  gpib-bethel-bandung: 8 photos
  ansgars-kirken: 8 photos
  evangeliekirken: 5 photos
  heath-gospel-hall: 1 photos
  grace-church-abu-dhabi: 1 photos
  foursquare-gospel-church-asokoro: 8 photos
  international-church-of-wroc-aw: 3 photos
  the-gospel-church: 8 photos
  deeper-christian-life-ministry: 6 photos
  woodlands-church: 8 photos
  awakening-church: 8 photos
  redeemer-community-church: 7 photos
  connexus-church: 8 photos
  cristo-vive-colombia: 8 photos
  elevate-miami-church: 8 photos
  icep-miami: 2 photos
  jyvaskylan-helluntaiseurakunta: 8 photos
  iglesia-evangelica-central-centroamericana-dios-es-amor: 8 photos
  iglesia-cristiana-evang-lica-casa-de-jes-s-valencia: 8 photos
  monyhull-church: 8 photos
  livets-ord: 8 photos
  new-hope-church-brisbane: 4 photos
  gospel-forum-stuttgart: 8 photos
  eglise-lyon-centre: 8 photos
  munich-church-refresh: 8 photos
  crossroads-christian-church-ministry-centre: 8 photos
  bridge-ministry-peninsula: 8 photos
  igreja-central: 8 photos
  iglesia-evangelica-palabra-y-espiritu: 8 photos
  the-church-in-cebu-city-ph: 8 photos
  daystar-christian-centre: 8 photos
  assembly-of-god-crowell: 2 photos
  eerv: 8 photos
  adi-villasmundo-melilli: 8 photos
  english-speaking-church-in-zurich: 4 photos
  adi-cesena: 2 photos
  pinsekirka-flekkefjord: 4 photos
  igreja-missionaria-evangelica-maranata: 8 photos
  sydney-full-gospel-church: 8 photos
  igreja-batista-sao-paulo: 7 photos
  eglise-charismatique-pentec-tiste: 3 photos
  iglesia-evangelica-bautista-de-cordoba: 8 photos
  awakening-tokyo: 8 photos
  st-andrew-s-presbyterian-church: 8 photos
  iglesia-centro-de-avivamiento: 8 photos
  menigheten-var: 8 photos
  adi-favara: 5 photos
  crow-road-free-church: 8 photos
  adi-cascina: 2 photos
  colton-community-church-colton: 2 photos
  c3-church-manila: 7 photos
  believers-church: 8 photos
  adi-ferruzzano: 5 photos
  new-direction-ministry-carson: 8 photos
  tamil-church-london: 8 photos
  manchester-alliance-church: 4 photos
  redeemer-church-london + church-in-ealing-west-london: 8 photos
  adi-ravanusa: 3 photos
  adi-marsala: 4 photos
  warsaw-community-church: 8 photos
  adi-mazara-del-vallo: 3 photos
  the-covenant-nation: 8 photos
  filadelfia-askim: 8 photos
  adi-rignano-flaminio: 8 photos
  oude-kerk-amsterdam: 8 photos
  bangkok-city-baptist-church: 8 photos
  gbi-mawar-sharon: 8 photos
  iglesia-de-dios-ministerial-de-jesucristo-internacional: 8 photos
  able-ministries-corona: 1 photos
  adi-belpasso-piano-tavola: 8 photos
  awaken-church-canberra-south: 8 photos
  adi-brugherio: 4 photos
  apostolsk-kirke-randers: 4 photos
  grace-church-nottingham: 8 photos
  new-covenant-church-brooklyn: 8 photos
  new-haven-fellowship-church-of-god-rossville: 6 photos
  iglesia-cristiana-internacional-de-barcelona + iglesia-evangelica-en-barcelona: 1 photos
  bodega-bay-union-church: 8 photos
  uppsala-baptistforsamling: 7 photos
  believers-house-of-worship-international: 8 photos
  pleasant-grove-christian-church-texarkana: 5 photos
  antioch-gospel-church-sydney-campus: 8 photos
  iglesia-evang-lica-la-vi-a-m-laga: 7 photos
  cypress-point-baptist-church-huffman: 3 photos
  velkommen-i-apostolsk-kirke: 8 photos
  awakening-church-e-v: 7 photos
  bristol-hope-assembly: 7 photos
  pine-hill-church-of-the-living-god-henderson: 2 photos
  iglesia-evangelica-cristiana-espiritual-guatemala: 2 photos
  guiding-star-church-of-god-in-christ-goodrich: 1 photos
  birches-green-evangelical-christian-church: 7 photos
  pingst-umea: 5 photos
  grace-international-church-of-oslo: 4 photos
  new-st-john-missionary-deland: 1 photos
  fr-eglise-evangelique-de-la-guadeloupe-le-salut-pour-tous-14: 1 photos
  glory-church-of-god-in-christ-greater-cedar-hill: 1 photos
  chinese-church-in-christ-mountain-view: 5 photos
  c3-church-auckland: 7 photos
  uppsala-missionskyrka: 8 photos
  iglesia-evangelica-cristo-vive: 8 photos
  charis-gospel-family-world-outreach: 6 photos
  kostel-u-salvatora: 8 photos
  crown-of-life-lutheran-church-tomball: 7 photos
  island-glades-gospel-centre: 2 photos
  eglise-lyon-gerland-reformee-evangelique: 8 photos
  capital-all-nations-assembly-cana: 8 photos
  grote-of-sint-jacobskerk: 8 photos
  chiesa-evangelica-battista-di-milano-pinamonte: 7 photos
  calvary-chapel-chino-hills: 8 photos
  chiesa-evangelica-neapolis: 8 photos
  iglesia-evangelica-en-madrid: 8 photos
  iglesia-evangelica-suanzes-vive: 7 photos
  johnson-memorial-cogic-lamesa: 2 photos
  church-in-manchester: 8 photos
  chiesa-evangelica-internazionale: 8 photos
  concord-baptist-church-waco: 1 photos
  christengemeinde-immanuel-e-v: 2 photos
  iglesia-lakewood-en-espa-ol: 8 photos
  harvesters-international-christian-centre: 8 photos
  church-of-god-in-quezon-city: 8 photos
  first-pilgrim-hispanic-church-brooklyn: 5 photos
  point-view-baptist-church-seagoville: 3 photos
  eglise-de-la-bonne-nouvelle: 6 photos
  iglesia-hechos-malaga: 8 photos
  centre-evangelique + eglise-connexion-minimes: 8 photos
  eglise-boom: 8 photos
  eglise-evangelique-alliance-de-grace-gccf-every-nation: 6 photos
  eglise-evangelique: 4 photos
  centre-evangelique-protestant-de-marseille: 8 photos
  holyhill-church: 7 photos

Done. 311 churches updated, 2003 photos mirrored to R2.
Raw archive: /Users/dpr/Code/Projekt/gospelmigration/data/places-raw/photos-run-2026-07-03.jsonl
Failures (265):
  - gracelife-london[4]: http_403
  - nashville-life-church[7]: http_403
  - church-of-god-by-faith-sodus[0]: http_403
  - church-of-god-by-faith-sodus: all 1 downloads failed — sentinel'd
  - home-raquo-church-of-christ-malaga[6]: http_403
  - barkersville-christian-church-middle-grove[0]: http_403
  - christengemeinde-arche-alstertal[7]: http_403
  - koinonia-missionary-bapt-chr-dallas[0]: http_403
  - koinonia-missionary-bapt-chr-dallas: all 1 downloads failed — sentinel'd
  - new-life-tabernacle-napa[0]: http_403
  - new-life-tabernacle-napa: all 1 downloads failed — sentinel'd
  - deeper-life-bible-church-jacksonville[0]: http_403
  - deeper-life-bible-church-jacksonville: all 1 downloads failed — sentinel'd
  - fresh-word-christian-center-decatur[0]: http_403
  - unity-baptist-church-seguin[0]: http_403
[loop] 2026-07-03 21:42:04 chunk 8 starting
Targets: 400 churches
maxImages=8, estimated Apify cost ~$4.00
Starting Apify compass~crawler-google-places for 393 place ids...
Run u42HXzbmHrcnhf5Rv, dataset WMqj0ne0cYOO8ADzl
Dataset items: 393
  christus-gemeinde-barmbek-sud-cgbs: 8 photos
  christ-s-international-fellowship: 8 photos
  une-eglise-emerveillee-par-jesus-christ: 8 photos
  university-baptist-church-incorporated: 8 photos
  united-pentecostal-church-in-pasay + united-pentecostal-church-philippines-inc-grace-in-christ-fellowship-temple-gift-pasay: 8 photos
  international-christian-centre-icc-dodoma: 8 photos
  victory-church-manila: 8 photos
  church-of-south-india-csi-parish-abu-dhabi-malayalam: 8 photos
  moza-ek-amsterdam: 1 photos
  pingstkyrkan-v-stra-fr-lunda: 8 photos
  vineyard-church-durban: 8 photos
  evangelikale-freikirche-graz-nord: 2 photos
  evangelisch-freikirchliche-gemeinde-action-biblique-basel: 2 photos
  ethiopian-evangelical-church-in-finland-eecfin: 7 photos
  evangelikal-freikirchliche-gemeinde-falkenhofgasse-graz: 8 photos
  northwest-gospel-church-eastside: 8 photos
  c3-church-malm: 8 photos
  the-community-church-of-madrid: 3 photos
  the-gospel-faith-mission-international-alakia-assembly-ibadan-oyo-state: 1 photos
  eglise-reformee-vaudoise: 8 photos
  the-evangelical-church-abu-dhabi: 8 photos
  the-living-word-assembly: 8 photos
  opendoors-church-netherlands: 8 photos
  international-christian-assembly: 8 photos
  eglise-internationale-du-plein-evangile: 1 photos
  calvary-chapel-manila: 5 photos
  eglise-evangelique-de-reveil-l-escale: 8 photos
  eglise-protestante-evangelique: 1 photos
  vineyard-munich: 8 photos
  the-potters-house-christian-centre-birmingham: 8 photos
  eglise-protestante-de-bruxelles-musee: 8 photos
  amc-aalborg-menighedscenter: 8 photos
  oslokirken: 8 photos
  the-gateway-church-stockholm: 8 photos
  awakening-church-berlin: 7 photos
  nidaros-cathedral-nidarosdomen: 8 photos
  full-gospel-churches-of-kenya-south-b: 8 photos
  mission-bay-community-church: 6 photos
  the-swiss-church-in-london: 8 photos
  evangelisch-freikirchliche-gemeinde: 8 photos
  geneva-bible-church: 3 photos
  christ-embassy: 8 photos
  evangelisch-freikirchliche-gemeinde-dresden-cotta: 3 photos
  evangelisch-freikirchliche-gemeinde-reinickendorf: 8 photos
  first-baptist-church-of-athens-texas: 8 photos
  georgetown-baptist-church-penang: 8 photos
  lagos-christian-church: 8 photos
  el-rio-iglesia-cristiana: 8 photos
  gereja-cca-medan-jl-g-krakatau-35: 8 photos
  efg-dresden-sud-ost: 8 photos
  life-church-malaga: 5 photos
  zoarkirche: 8 photos
  gereja-st-andrew-kuala-lumpur: 8 photos
  glise-du-sentier: 1 photos
  glise-vang-lique-de-paris-15: 3 photos
  god-s-plan: 8 photos
  an-english-speaking-presbyterian-church-in-paris: 5 photos
  pearlside-church-tacoma: 2 photos
  iglesia-evangelica-trevol-barcelona: 8 photos
  egw-bern-zentrum: 2 photos
  gospel-mission-baptist-church: 1 photos
  eglise-renens-ab: 8 photos
  move-church: 8 photos
  iglesia-cefad-centro-familiar-de-adoracion-de-las-asambleas-de-dios: 8 photos
  entebbe-full-gospel-church: 8 photos
  rccg-debrecen: 6 photos
  jesus-is-lord-church-worldwide: 1 photos
  ellinwood-malate-church-manila-philippines: 8 photos
  espoon-vapaaseurakunta: 4 photos
  storkyrkan-stockholm-cathedral-s-t-jacobs-kyrka: 8 photos
  freie-gemeinde-neugraben-hamburg: 2 photos
  gospel-community-church: 8 photos
  full-gospel-christian-church-international: 1 photos
  gospel-pillars-church-gaduwa-abuja: 8 photos
  full-gospel-assembly-kl: 8 photos
  rathmines-gospel-hall: 5 photos
  vrije-evangelische-gemeente-antwerpen: 1 photos
  the-worship-place: 8 photos
  icf-church-vienna: 8 photos
  centro-mundial-de-avivamiento: 8 photos
  new-hope-baptist-church: 3 photos
  real-life-foursquare-church: 8 photos
  willow-creek-community-church: 8 photos
  cross-point-church: 8 photos
  winners-chapel-international-budapest-english-speaking-church: 5 photos
  evangelische-gemeinde-bern-new-life: 3 photos
  evangelisch-freikirchliche-gemeinde-treffpunkt-furs-leben: 8 photos
  westlake-church-lausanne-lausanne-switzerland: 5 photos
  din-frikirke: 2 photos
  communaute-des-diaconesses-de-saint-loup: 8 photos
  evangelischer-kirchenverband-koln-und-region: 8 photos
  icf-church-luzern: 7 photos
  cork-gospel-hall: 6 photos
  evangelisch-reformierte-gellertkirche-basel + gellertkirche-basel: 8 photos
  frikirken-i-s-by: 4 photos
  evangelische-mennonitische-freikirche: 8 photos
  friedensheim-evangelische-freikirche-e-v: 8 photos
  eglise-evangelique-de-la-croix-rousse: 8 photos
  gbi-wtc-kemah-pujian: 8 photos
  oase-movement-norway: 8 photos
  jesuskirken-i-valby-k-benhavn: 8 photos
  chicago-full-gospel-central-church: 8 photos
  gms-sydney-city: 8 photos
  lifechurch-bangkok-siam: 8 photos
  chiesa-cristiana-protestante-in-milano: 8 photos
  gkpb-fajar-pengharapan-satelit-pasirkoja: 8 photos
  christus-gemeinde-bramfeld: 8 photos
  freikirche-im-berner-oberland: 8 photos
  abu-dhabi-pentecostal-church: 1 photos
  christus-gemeinde-barmbek-nord: 8 photos
  full-gospel-church-johannesburg-south: 8 photos
  christ-care-evangelical-church: 8 photos
  icf-gen-ve-ndash-une-nouvelle-exp-rience-de-l-039-glise: 8 photos
  the-evangelical-lutheran-church-in-denmark: 5 photos
  s-derh-jdskyrkan: 8 photos
  iglesia-cristiana-evangelica-rincon: 8 photos
  id-church-sweden: 8 photos
  ifgf-international-full-gospel-fellowship-pinole-pinole-church-campus: 8 photos
  tabernacle-of-praise: 8 photos
  holsby-frikyrka: 1 photos
  gospel-pillars-church-nyanya-abuja: 3 photos
  valkommen-till-pingstkyrkan-borlange: 8 photos
  accra-community-church: 8 photos
  auferstehungskirche: 7 photos
  ifgf-international-full-gospel-fellowship-pinole-south-bay-church-campus: 2 photos
  the-angel-church-in-london: 8 photos
  jpcc-jakarta-praise-community-church: 8 photos
  iglesia-b-blica-nueva-vida: 8 photos
  igreja-up-house: 8 photos
  pingstkyrkan-nynashamn: 3 photos
  gemeinde-evangelischer-christen-basel: 3 photos
  international-central-gospel-church-birmingham: 8 photos
  gemeinde-christi-k-ln: 8 photos
  echo-community-church: 8 photos
  glise-r-form-e-vang-lique-de-marseille-sud: 7 photos
  london-international-christian-church: 8 photos
  centrumkyrkan-malm: 8 photos
  iglesia-bautista-calvario-de-valencia: 4 photos
  nottingham-presbyterian-church: 4 photos
  bethany-gospel-hall-brisbane: 4 photos
  london-full-gospel-church: 7 photos
  christ-temple-international-central-gospel-church: 8 photos
  institute-of-divine-metaphysical-research-los-angeles: 5 photos
  canberra-full-gospel-church + international-full-gospel-fellowship-ifgf-canberra: 8 photos
  fr-eglise-de-dieu-8: 1 photos
  new-city-church: 8 photos
  viva-kirche-z-rich: 7 photos
  samuels-chapel-church-of-god-in-christ-midland: 1 photos
  chiesa-cristiana-evangelica-adi-vomero: 8 photos
  redeemed-christian-church-tyler: 2 photos
  christ-gospel-church-london: 7 photos
  fifth-avenue-ame-zion-church-troy: 6 photos
  fr-eglise-de-la-mission-du-plein-evangile-du-carbet: 2 photos
  international-church-of-barcelona: 8 photos
  first-christian-church-snyder: 4 photos
  pingstkyrkan-uppsala: 8 photos
  pingstkyrkan-tumba: 7 photos
  el-rey-jes-s: 8 photos
  malayalam-pentacostal-church-in-cork-immanuel-ag-church: 5 photos
  assemblee-de-dieu-de-nice: 1 photos
  arche-ev-freikirche-dresden: 6 photos
  citychurch-munchen: 8 photos
  victory: 8 photos
  irec-hamburg-international-reformed-evangelical-church: 8 photos
  lahden-helluntaiseurakunta: 7 photos
  adventgemeinde-luzern: 4 photos
  templo-calvario-church-assemblies-of-god: 8 photos
  foursquare-gospel-church-port-harcourt-district: 8 photos
  new-life-church-stockholm: 8 photos
  abu-dhabi-assembly-of-god-church: 8 photos
  assemblies-of-god-church-national-worship-centre-nwc-garki-area-11: 8 photos
  igreja-cbrio: 8 photos
  eglise-protestante-unie-de-bordeaux: 1 photos
  assemblies-of-god-church-jabi-abuja: 2 photos
  hit-gemeinde-wien-faith-church-vienna: 8 photos
  blahoslavuv-dum: 1 photos
  eglise-connexion-jolimont: 8 photos
  church-of-the-city: 6 photos
  the-birmingham-dream-center: 8 photos
  evangeliska-frikyrkan-efk: 8 photos
  brisbane-full-gospel-church: 7 photos
  awesome-church: 8 photos
  espoonlahden-helluntaiseurakunta + espoon-helluntaiseurakunta: 8 photos
  watchman-catholic-charismatic-renewal-movement: 2 photos
  eglise-protestante-evangelique-generations: 3 photos
  fecg-leipzig-freie-evangeliums-christen-gemeinde: 1 photos
  igreja-evangelica-oracao-e-louvor-a-deus: 8 photos
  evangelisch-freikirchliche-gemeinde-baptisten: 8 photos
  evangeliumsgemeinde-wien: 3 photos
  word-of-faith-church: 8 photos
  evangelisch-reformierte-kirche-schweiz-eks: 8 photos
  evangelisch-reformierte-kirche-des-kantons-basel-stadt: 7 photos
  gemeinde-christi: 2 photos
  canberra-pentecostal-church: 8 photos
  rccg-hosanna-chapel-tampere: 8 photos
  mortensrud-frikirke: 8 photos
  evangel-pentecostal-church: 8 photos
  esbjerg-frikirke: 8 photos
  ev-kirchengemeinde-pfingst-berlin: 8 photos
  burmah-road-gospel-hall-english-speaking-assembly: 8 photos
  bydelskirken-filadelfia: 8 photos
  evangelische-freie-gemeinde-frankfurt-am-main: 8 photos
  evangelical-christian-church-of-dubai-eccd: 8 photos
  eglise-protestante-les-deux-rives-toulouse: 2 photos
  evangelical-spanish-church-iglesia-evangelica-espanola: 8 photos
  faith-chapel-birmingham-campus: 8 photos
  grovely-gospel-chapel-church: 4 photos
  calvary-chapel-entebbe: 8 photos
  evangelische-christengemeinde-leipzig-alpha-omega: 8 photos
  hillsong-budapest: 8 photos
  gbi-gajah-mada-semarang: 8 photos
  biserica-evanghelica: 2 photos
  hillsong-brasil: 8 photos
  freie-ev-gemeinde-koln-mulheim + freie-evangelische-gemeinde-koln-mulheim: 1 photos
  evangelisch-freikirchliche-gemeinde-berlin-kreuzberg: 8 photos
  c3-ignite-church: 8 photos
  evangelische-freikirche-sahlkamp: 8 photos
  communaute-de-saint-loup: 6 photos
  hong-kong-full-gospel-church: 8 photos
  ewangeliczny-koscio-reformowany-we-wroc-awiu: 7 photos
  grace-bible-fellowship-church: 8 photos
  gemeinde-christi-bern: 2 photos
  birmingham-chinese-evangelical-church: 8 photos
  redeemer-grace-church-geneva: 3 photos
  freie-evangelische-gemeinde-hamburg-bahrenfeld: 2 photos
  dubai-evangelical-church-centre: 8 photos
  glises-org: 8 photos
  pentecostal-missionary-church-of-christ: 3 photos
  gereja-tiberias-indonesia: 8 photos
  igreja-evang-eacute-lica-brasileira: 8 photos
  newsong-church-bangkok: 8 photos
  church-of-scotland: 8 photos
  oslo-stre-frikirke-den-evangelisk-lutherske-frikirke: 8 photos
  harvest-chapel-international-hq: 8 photos
  upper-room-baptist-fellowship-tyler: 1 photos
  city-harvest-church: 8 photos
  hopeseurakunta: 6 photos
  igreja-consolacao-correia: 8 photos
  elijah-fire-church-humble: 2 photos
  fr-eglise-evangelique-de-la-guadeloupe-le-salut-pour-tous-22: 1 photos
  partille-pingstforsamling: 8 photos
  penang-christian-centre: 8 photos
  philippine-council-of-evangelical-churches: 7 photos
  penang-international-church: 7 photos
  columbus-church-of-god-columbus: 8 photos
  classictic: 8 photos
  onward-gospel-church: 8 photos
  primeira-igreja-presbiteriana-independente-de-sao-paulo: 8 photos
  new-apostolic-church-ontario: 1 photos
  fr-eglise-evangelique-tzigane-59: 8 photos
  ignite-world-worship-center-irving: 4 photos
  filadelfiakirken-drammen: 7 photos
  gospel-light: 8 photos
  presencia-de-dios-honduras: 8 photos
  icf-church-st-gallen: 8 photos
  primeira-igreja-batista-de-curitiba: 8 photos
  international-protestant-church: 2 photos
  river-church-finland: 8 photos
  fr-eglise-chretienne-missionnaire-chinoise-de-france: 2 photos
  reformed-evangelical-church-of-kuala-lumpur: 8 photos
  paris-energy-center-paris: 1 photos
  reign-church: 7 photos
  rea-church: 8 photos
  north-valley-baptist-schools-santa-clara: 1 photos
  faith-chapel-church-of-god-in-christ-jasper: 3 photos
  city-evangelical-church-leeds: 8 photos
  jyvaskylan-vapaaseurakunta: 8 photos
  south-hill-evangelical-church: 8 photos
  the-evangelical-baptist-church-anchor-christian-school: 6 photos
  kolding-kirkecenter: 1 photos
  international-gospel-center: 8 photos
  korean-full-gospel-church-of-montreal: 5 photos
  odense-baptist-kirke-kristuskirken: 8 photos
  schenvus-first-baptist-church-schenevus: 8 photos
  knox-presbyterian-church: 8 photos
  fr-eglise-evangelique-baptiste-temple-miracle: 2 photos
  first-baptist-church-gruver: 2 photos
  king-s-church-birmingham: 8 photos
  mychurch-ottawa: 6 photos
  living-faith-church-kano-aka-winners-chapel: 8 photos
  leeds-worship-center: 2 photos
  liquid-church: 8 photos
  house-of-restoration-full-gospel-baptist-church-crestview: 1 photos
  markuskirche-luzern: 8 photos
  light-of-the-gospel-missionary: 8 photos
  koscio-ewangelicko-augsburski-sw-krzysztofa: 8 photos
  melbourne-full-gospel-church: 8 photos
  new-covenant-church-manchester-united-kingdom: 8 photos
  new-creation-church: 8 photos
  montego-bay-new-testament-church-of-god: 2 photos
  wccrm-lagos: 1 photos
  evangeliesalen-ber-a: 4 photos
  new-york-gospel-ministries: 8 photos
  living-faith-church-durumi-winners-chapel: 8 photos
  myungsung-church: 8 photos
  eglise-protestante-evangelique-nantes-boissiere: 7 photos

Done. 301 churches updated, 1870 photos mirrored to R2.
Raw archive: /Users/dpr/Code/Projekt/gospelmigration/data/places-raw/photos-run-2026-07-03.jsonl
Failures (281):
  - trondheim-city-church[0]: http_403
  - united-pentecostal-church-upci[0]: http_403
  - trondheim-city-church: all 1 downloads failed — sentinel'd
  - united-pentecostal-church-upci: all 1 downloads failed — sentinel'd
  - christian-revival-church[0]: http_403
  - christian-revival-church: all 1 downloads failed — sentinel'd
  - moza-ek-amsterdam[0]: http_403
  - evangelisch-freikirchliche-gemeinde-action-biblique-basel[1]: http_403
  - evangelikale-freikirche-graz-nord[2]: http_403
  - unmatched placeId 
  - unmatched placeId 
  - unmatched placeId 
  - unmatched placeId 
  - unmatched placeId 
  - ethiopian-evangelical-church-in-finland-eecfin[7]: http_403
[loop] 2026-07-03 21:53:52 chunk 9 starting
Targets: 242 churches
maxImages=8, estimated Apify cost ~$2.42
Starting Apify compass~crawler-google-places for 241 place ids...
Run fsKaipPiiipbb1oa7, dataset S9DZmq7SnxmPBsjeM
Dataset items: 241
  house-church: 1 photos
  horsens-frikirke: 7 photos
  stadtlicht-freikirche-wien-margareten: 8 photos
  tyndale-baptist-church-bristol: 8 photos
  freie-evangelische-gemeinde-feg-munchen-nord: 1 photos
  foursquare-gospel-church-bodija-ibadan: 8 photos
  salem-ag-church-dubai: 8 photos
  international-evangelical-church-valencia: 2 photos
  skovlunde-frikirke: 7 photos
  sentrumkirken: 8 photos
  silbern-church: 8 photos
  eglise-evangelique-de-pentecote-assemblee-de-dieu-de-nantes: 1 photos
  soli-deo-gloria-christian-church: 8 photos
  epis-eglise-de-pentecote-internationale-de-strasbourg: 7 photos
  eglise-evangelique-la-bonne-nouvelle: 2 photos
  glise-protestante-vang-lique-libre-de-lyon: 2 photos
  eglise-evangelique-porte-des-postes: 1 photos
  newhome-church-paris: 2 photos
  eglise-evangelique-toulouse-saint-agne: 5 photos
  eglise-protestante-baptiste-de-nantes: 2 photos
  eglise-reformee-evangelique-nantes-nord-eglise-presbyterienne: 7 photos
  smyrnakyrkan-goteborg: 8 photos
  fr-eglise-protestante-evangelique-le-phare: 1 photos
  paris-hillsong-en-fran-ais: 8 photos
  liberty-baptist-church-palatka: 3 photos
  fr-eglise-protestante-evangelique-de-lamorlaye: 3 photos
  new-mount-of-olive-san-angelo: 6 photos
  shiloh-missionary-baptist-church-vidor: 7 photos
  saratoga-chapel-ballston-spa: 8 photos
  iron-city-church: 8 photos
  zurichcitychurch: 7 photos
  eglise-vie: 8 photos
  living-faith-church-worldwide: 8 photos
  sydney-international-christian-church: 8 photos
  davao-city-alliance-gospel-church: 3 photos
  holsby-frikyrkoforsamling: 1 photos
  dayspring-parish: 8 photos
  internationale-gemeinde-christi-z-rich: 7 photos
  evangelisch-freikirchliche-gemeinde-leipzig-baptisten: 8 photos
  calgary-central-full-gospel-church: 6 photos
  northwest-gospel-church-westside: 5 photos
  holy-city-entebbe: 8 photos
  calvary-worship-centre-iphc: 8 photos
  canberra-revival-fellowship-northside: 2 photos
  calvary-chapel-fort-lauderdale: 8 photos
  young-church-berlin: 8 photos
  one-way-seurakunta: 8 photos
  lakeside-christian-church: 1 photos
  die-gemeinde-in-basel: 8 photos
  family-worship-centre: 8 photos
  hope-sydney-christian-church: 3 photos
  northwest-gospel-church-summit-view: 8 photos
  turun-raamattu-puhuu-seurakunta: 3 photos
  freie-christliche-gemeinde-hamburg-rahlstedt: 2 photos
  hope-london-church: 8 photos
  freie-evangelische-gemeinde-berlin-tempelhof: 1 photos
  sound-church: 8 photos
  every-nation-church-bloemfontein: 2 photos
  catedral-das-igrejas-crist-s-nova-vida: 8 photos
  freie-evangelische-gemeinde-bern: 6 photos
  freie-evangelische-gemeinde-dresden: 8 photos
  vida-real-tv: 8 photos
  freie-evangelische-gemeinde-leipzig-feg: 8 photos
  freie-kirche-uster: 7 photos
  freikirche-der-siebenten-tags-adventisten-adventgemeinde-zurich-cramerstrasse: 8 photos
  warsaw-bible-church: 2 photos
  makerere-full-gospel-church: 8 photos
  vancouver-japanese-gospel-church: 8 photos
  the-church-of-god: 7 photos
  icf-church-winterthur: 7 photos
  freie-evangeliums-christen-gemeinde-dresden: 8 photos
  icf-church-stuttgart: 8 photos
  freikirche-dobling: 5 photos
  fga-north-zone: 3 photos
  norkirken-trondheim-salem: 7 photos
  k-bnerkirken: 8 photos
  die-gemeinde-in-z-rich: 1 photos
  the-cathedral-of-praise-cop-church: 8 photos
  hofgemeinde-leipzig: 8 photos
  first-alliance-church-calgary-fac-deerfoot: 8 photos
  first-assembly-church: 8 photos
  the-church-of-pentecost: 1 photos
  first-international-baptist-church-of-copenhagen: 7 photos
  first-evangelical-church: 8 photos
  east-aurora-gospel-hall: 2 photos
  gospel-center-church: 8 photos
  the-scots-kirk-paris: 5 photos
  chiesa-evangelica-cristiani-evangelici-a-milano: 8 photos
  paz-church: 8 photos
  the-worship-center-christian-church: 8 photos
  the-door-christian-fellowship-church: 8 photos
  comunidade-da-gra-a: 8 photos
  tos-bewegung: 8 photos
  salem-full-gospel-church: 8 photos
  the-international-church-of-bucharest: 8 photos
  ekklesia21: 8 photos
  comunidade-evang-lica-sara-nossa-terra: 8 photos
  forward-in-faith-ministries-capetown-city: 8 photos
  trossamfunnet-oslokirken: 4 photos
  charltonroadchurch: 8 photos
  vahankyron-vapaaseurakunta: 8 photos
  foursquare-gospel-church-garki: 8 photos
  palestine-full-gospel-church-palestine: 1 photos
  worship-center: 2 photos
  dogwood-church: 5 photos
  toronto-full-gospel-church: 8 photos
  eglise-dans-ma-ville: 8 photos
  fr-eglise-evangelique-de-la-guadeloupe-le-salut-pour-tous-16: 1 photos
  the-immanuel-church: 8 photos
  bread-of-life-church-san-gabriel-valley-arcadia: 6 photos
  faf: 8 photos
  welcome-church-berlin: 8 photos
  dublin-baptist-church: 8 photos
  fr-addc-du-robert: 1 photos
  vineyard-graz-freie-christengemeinde-pfingstgemeinde-freikirche-graz: 1 photos
  icgc-faith-and-miracle-temple: 8 photos
  fr-eglise-evangelique-de-la-guadeloupe-le-salut-pour-tous-10: 1 photos
  feg-citychurch-beta-munchen: 4 photos
  eglise-evangelique-du-merlan: 2 photos
  gospel-assembly-at-phoenix: 1 photos
  christ-church-nashville: 8 photos
  lausanne-free-church-english-speaking-switzerland: 7 photos
  sheffield-church-of-god: 8 photos
  yoido-full-gospel-church: 8 photos
  greater-fellowship-fgbc: 8 photos
  begegnungskirche-berlin: 8 photos
  hamburg-international-church: 1 photos
  evangelische-christengemeinde-elim: 2 photos
  igreja-messianica-mundial-do-brasil: 8 photos
  montego-bay-church-of-christ: 6 photos
  bible-baptist-christian-of-henry-county-hampton: 6 photos
  eglise-evang-lique-libre-marseille: 7 photos
  eglise-evang-lique-de-villard: 8 photos
  iglesia-evang-lica-espa-ola: 2 photos
  revival-temple-full-gospel-church: 3 photos
  ecclesia-kirche-koln: 8 photos
  international-church-of-copenhagen: 8 photos
  kerrville-church-of-the-nazarene-kerrville: 1 photos
  macedonia-syloam-baptist-church-clarksville: 1 photos
  church-of-atlanta: 7 photos
  life-church-nashville: 7 photos
  eglise-evangelique-allemande: 8 photos
  cooley-avenue-church-of-god: 5 photos
  suomen-helluntaikirkko: 8 photos
  evangelische-deutsch-spanische-gemeinde-hoffnungszentrum-leipzig: 8 photos
  eglise-protestante-evangelique-de-lyon-8: 2 photos
  iglesia-cristiana-protestante-leon-de-juda: 8 photos
  reality-sf: 8 photos
  bible-mission-usa-bradenton: 1 photos
  crossroads-christian-fellowship-aka-first-baptist-church: 1 photos
  christuskirche-hamburg-altona: 8 photos
  sandals-church: 8 photos
  gospel-temple-church-of-ocala: 1 photos
  tampereen-vapaakirkkoseurakunta: 8 photos
  cornerstonesf-church-mission-campus-sunday-10-00am-at-riordan-campus: 8 photos
  bermondsey-gospel-hall: 6 photos
  iglesia-cristiana-en-barcelona-cecmavi: 8 photos
  india-full-gospel-church: 8 photos
  iglesia-evang-lica-en-m-laga: 5 photos
  international-reformed-evangelical-church-irec-hamburg: 8 photos
  meeting-house: 8 photos
  iglesia-evang-lica-sevilla-ccgetseman: 8 photos
  korskyrkan: 2 photos
  iglesia-pentecostal-unida-de-espana: 8 photos
  davao-evangelical-church: 8 photos
  chicago-international-christian-church-skyline: 8 photos
  efg-munchen-hadern-im-bund-evangelisch-freikirchlicher-gemeinden-k-d-o-r: 3 photos
  st-markus-evangelisch-lutherische-kirchengemeinde-munchen: 8 photos
  new-vision-tamil-church-abu-dhabi: 3 photos
  eglise-de-la-trinit-lille: 8 photos
  eglise-etincelle-de-nice: 8 photos
  baptistengemeinde-z-rich: 8 photos
  de-brabantse-olijfberg: 8 photos
  malmo-international-church: 8 photos
  pingstkyrkan-molndal: 8 photos
  pingstkyrkan-borlange: 8 photos
  philadelphia-evangelical-church: 8 photos
  st-columba-s-scottish-mission-church: 8 photos
  salt-voss: 8 photos
  ceskobratrsky-evangelicky-chram-jana-amose-komenskeho: 8 photos
  igreja-batista-atitude: 8 photos
  igreja-pentecostal-yeshua-emanuel + igreja-pentecostal-yeshua-emanuell: 8 photos
  igreja-pentecostal-de-jesus-cristo: 8 photos
  lagos-international-christian-church: 8 photos
  the-church-of-jesus-christ-of-latter-day-saints: 8 photos
  iglesia-pentecostal-unida-en-europa: 5 photos

Done. 187 churches updated, 1131 photos mirrored to R2.
Raw archive: /Users/dpr/Code/Projekt/gospelmigration/data/places-raw/photos-run-2026-07-03.jsonl
Failures (174):
  - house-church[0]: http_403
  - horsens-frikirke[7]: http_403
  - freie-evangelische-gemeinde-feg-munchen-nord[0]: http_403
  - freie-evangelische-gemeinde-dusseldorf[0]: http_403
  - freie-evangelische-gemeinde-dusseldorf: all 1 downloads failed — sentinel'd
  - international-evangelical-church-valencia[2]: http_403
  - epis-eglise-de-pentecote-internationale-de-strasbourg[2]: too_small_450x300
  - skovlunde-frikirke[7]: http_403
  - eglise-evangelique-de-pentecote-assemblee-de-dieu-de-nantes[1]: http_403
  - eglise-evangelique-la-bonne-nouvelle[1]: http_403
  - eglise-evangelique-porte-des-postes[0]: http_403
  - glise-protestante-vang-lique-libre-de-lyon[2]: http_403
  - brazoria-missionary-baptist-church-brazoria[0]: http_403
  - brazoria-missionary-baptist-church-brazoria: all 1 downloads failed — sentinel'd
  - newhome-church-paris[2]: http_403
[loop] 2026-07-03 22:01:35 chunk 10 starting
Targets: 8 churches
maxImages=8, estimated Apify cost ~$0.08
Starting Apify compass~crawler-google-places for 8 place ids...
Run iO24bzdpqg8DjxiRC, dataset vToDN6wWtvRpj00MJ
Dataset items: 8

Done. 0 churches updated, 0 photos mirrored to R2.
Raw archive: /Users/dpr/Code/Projekt/gospelmigration/data/places-raw/photos-run-2026-07-03.jsonl
Failures (8):
  - unmatched placeId 
  - unmatched placeId 
  - unmatched placeId ChIJeaRp58xJSYYRyvcEBLrxtYA
  - unmatched placeId ChIJk0rWViuFP44R4qkps90rn-8
  - unmatched placeId 
  - unmatched placeId 
  - unmatched placeId 
  - unmatched placeId 
[loop] 2026-07-03 22:02:20 chunk 11 starting
Targets: 8 churches
maxImages=8, estimated Apify cost ~$0.08
Starting Apify compass~crawler-google-places for 8 place ids...
Run CvS5afb7rHrZvuUz2, dataset Nd28dSdlCLl1I8DoH
Dataset items: 8

Done. 0 churches updated, 0 photos mirrored to R2.
Raw archive: /Users/dpr/Code/Projekt/gospelmigration/data/places-raw/photos-run-2026-07-03.jsonl
Failures (8):
  - unmatched placeId 
  - unmatched placeId 
  - unmatched placeId 
  - unmatched placeId ChIJeaRp58xJSYYRyvcEBLrxtYA
  - unmatched placeId ChIJk0rWViuFP44R4qkps90rn-8
  - unmatched placeId 
  - unmatched placeId 
  - unmatched placeId 
[loop] 2026-07-03 22:02:56 chunk 12 starting
Targets: 8 churches
maxImages=8, estimated Apify cost ~$0.08
Starting Apify compass~crawler-google-places for 8 place ids...
Run QTvWlBVvp4Og0njhL, dataset ikJkDbtc2Wkh7lqKR
Dataset items: 8

Done. 0 churches updated, 0 photos mirrored to R2.
Raw archive: /Users/dpr/Code/Projekt/gospelmigration/data/places-raw/photos-run-2026-07-03.jsonl
Failures (8):
  - unmatched placeId 
  - unmatched placeId 
  - unmatched placeId ChIJeaRp58xJSYYRyvcEBLrxtYA
  - unmatched placeId 
  - unmatched placeId ChIJk0rWViuFP44R4qkps90rn-8
  - unmatched placeId 
  - unmatched placeId 
  - unmatched placeId 
[loop] 2026-07-03 22:03:33 chunk 13 starting
Targets: 8 churches
maxImages=8, estimated Apify cost ~$0.08
Starting Apify compass~crawler-google-places for 8 place ids...
Run fXymBUd2EZdywGDWI, dataset 9kxUmqvsNxdVWYoBJ
Dataset items: 8

Done. 0 churches updated, 0 photos mirrored to R2.
Raw archive: /Users/dpr/Code/Projekt/gospelmigration/data/places-raw/photos-run-2026-07-03.jsonl
Failures (8):
  - unmatched placeId 
  - unmatched placeId 
  - unmatched placeId 
  - unmatched placeId ChIJeaRp58xJSYYRyvcEBLrxtYA
  - unmatched placeId ChIJk0rWViuFP44R4qkps90rn-8
  - unmatched placeId 
  - unmatched placeId 
  - unmatched placeId 
[loop] 2026-07-03 22:04:10 chunk 14 starting
Targets: 8 churches
maxImages=8, estimated Apify cost ~$0.08
Starting Apify compass~crawler-google-places for 8 place ids...
Run 65U2zAfyVq9dby1qf, dataset 9zcgeURG6aCzq9xS1
Dataset items: 8

Done. 0 churches updated, 0 photos mirrored to R2.
Raw archive: /Users/dpr/Code/Projekt/gospelmigration/data/places-raw/photos-run-2026-07-03.jsonl
Failures (8):
  - unmatched placeId 
  - unmatched placeId 
  - unmatched placeId 
  - unmatched placeId ChIJeaRp58xJSYYRyvcEBLrxtYA
  - unmatched placeId 
  - unmatched placeId 
  - unmatched placeId ChIJk0rWViuFP44R4qkps90rn-8
  - unmatched placeId 
[loop] 2026-07-03 22:04:55 chunk 15 starting
Targets: 8 churches
maxImages=8, estimated Apify cost ~$0.08
Starting Apify compass~crawler-google-places for 8 place ids...
Run M5De2aCFeNlY0mwuV, dataset nPb7EjVrvy7qg8dUO
Dataset items: 8

Done. 0 churches updated, 0 photos mirrored to R2.
Raw archive: /Users/dpr/Code/Projekt/gospelmigration/data/places-raw/photos-run-2026-07-03.jsonl
Failures (8):
  - unmatched placeId 
  - unmatched placeId 
  - unmatched placeId 
  - unmatched placeId ChIJeaRp58xJSYYRyvcEBLrxtYA
  - unmatched placeId 
  - unmatched placeId 
  - unmatched placeId 
  - unmatched placeId ChIJk0rWViuFP44R4qkps90rn-8
[loop] 2026-07-03 22:05:40 chunk 16 starting
Targets: 8 churches
maxImages=8, estimated Apify cost ~$0.08
Starting Apify compass~crawler-google-places for 8 place ids...
Run l3ZgeBk4a8veHbJnf, dataset Y2DFe9uxBV3UGGUdo
Dataset items: 8

Done. 0 churches updated, 0 photos mirrored to R2.
Raw archive: /Users/dpr/Code/Projekt/gospelmigration/data/places-raw/photos-run-2026-07-03.jsonl
Failures (8):
  - unmatched placeId 
  - unmatched placeId 
  - unmatched placeId 
  - unmatched placeId ChIJk0rWViuFP44R4qkps90rn-8
  - unmatched placeId 
  - unmatched placeId 
  - unmatched placeId 
  - unmatched placeId ChIJeaRp58xJSYYRyvcEBLrxtYA
[loop] 2026-07-03 22:06:25 chunk 17 starting
Targets: 8 churches
maxImages=8, estimated Apify cost ~$0.08
Starting Apify compass~crawler-google-places for 8 place ids...
Run NkxCzAGPEutKEEeCY, dataset YlFHeVzhVzNTfxnUj
Dataset items: 8

Done. 0 churches updated, 0 photos mirrored to R2.
Raw archive: /Users/dpr/Code/Projekt/gospelmigration/data/places-raw/photos-run-2026-07-03.jsonl
Failures (8):
  - unmatched placeId 
  - unmatched placeId 
  - unmatched placeId 
  - unmatched placeId 
  - unmatched placeId 
  - unmatched placeId 
  - unmatched placeId ChIJeaRp58xJSYYRyvcEBLrxtYA
  - unmatched placeId ChIJk0rWViuFP44R4qkps90rn-8
[loop] 2026-07-03 22:07:10 chunk 18 starting
Targets: 8 churches
maxImages=8, estimated Apify cost ~$0.08
Starting Apify compass~crawler-google-places for 8 place ids...
Run nRhaGPzLMp2WfhsRF, dataset 5LwxWBXIoQ7VsOjTo
Dataset items: 8

Done. 0 churches updated, 0 photos mirrored to R2.
Raw archive: /Users/dpr/Code/Projekt/gospelmigration/data/places-raw/photos-run-2026-07-03.jsonl
Failures (8):
  - unmatched placeId 
  - unmatched placeId 
  - unmatched placeId 
  - unmatched placeId ChIJeaRp58xJSYYRyvcEBLrxtYA
  - unmatched placeId 
  - unmatched placeId 
  - unmatched placeId ChIJk0rWViuFP44R4qkps90rn-8
  - unmatched placeId 
[loop] 2026-07-03 22:07:47 chunk 19 starting
Targets: 8 churches
maxImages=8, estimated Apify cost ~$0.08
Starting Apify compass~crawler-google-places for 8 place ids...
Run 5xIBuIkj9tfg2Ph5y, dataset Y4aeWsEHXKkaYpznJ
Dataset items: 8

Done. 0 churches updated, 0 photos mirrored to R2.
Raw archive: /Users/dpr/Code/Projekt/gospelmigration/data/places-raw/photos-run-2026-07-03.jsonl
Failures (8):
  - unmatched placeId 
  - unmatched placeId 
  - unmatched placeId 
  - unmatched placeId ChIJeaRp58xJSYYRyvcEBLrxtYA
  - unmatched placeId 
  - unmatched placeId ChIJk0rWViuFP44R4qkps90rn-8
  - unmatched placeId 
  - unmatched placeId 
[loop] 2026-07-03 22:08:23 chunk 20 starting
Targets: 8 churches
maxImages=8, estimated Apify cost ~$0.08
Starting Apify compass~crawler-google-places for 8 place ids...
Run 8a8p2paP8zTNRPtj0, dataset UdbnbdsKeOuHtZHn7
Dataset items: 8

Done. 0 churches updated, 0 photos mirrored to R2.
Raw archive: /Users/dpr/Code/Projekt/gospelmigration/data/places-raw/photos-run-2026-07-03.jsonl
Failures (8):
  - unmatched placeId 
  - unmatched placeId 
  - unmatched placeId ChIJeaRp58xJSYYRyvcEBLrxtYA
  - unmatched placeId 
  - unmatched placeId 
  - unmatched placeId ChIJk0rWViuFP44R4qkps90rn-8
  - unmatched placeId 
  - unmatched placeId 
[loop] 2026-07-03 22:09:00 chunk 21 starting
Targets: 8 churches
maxImages=8, estimated Apify cost ~$0.08
Starting Apify compass~crawler-google-places for 8 place ids...
Run dLJpinTlPZtLQ3FC6, dataset BoljnpBI811xvWtUS
Dataset items: 8

Done. 0 churches updated, 0 photos mirrored to R2.
Raw archive: /Users/dpr/Code/Projekt/gospelmigration/data/places-raw/photos-run-2026-07-03.jsonl
Failures (8):
  - unmatched placeId 
  - unmatched placeId 
  - unmatched placeId 
  - unmatched placeId ChIJeaRp58xJSYYRyvcEBLrxtYA
  - unmatched placeId ChIJk0rWViuFP44R4qkps90rn-8
  - unmatched placeId 
  - unmatched placeId 
  - unmatched placeId 
[loop] 2026-07-03 22:09:36 chunk 22 starting
Targets: 8 churches
maxImages=8, estimated Apify cost ~$0.08
Starting Apify compass~crawler-google-places for 8 place ids...
Run PyjvlIPIU7cvSr37z, dataset TYtAcR5wKc5XchapL
Dataset items: 8

Done. 0 churches updated, 0 photos mirrored to R2.
Raw archive: /Users/dpr/Code/Projekt/gospelmigration/data/places-raw/photos-run-2026-07-03.jsonl
Failures (8):
  - unmatched placeId 
  - unmatched placeId 
  - unmatched placeId 
  - unmatched placeId ChIJeaRp58xJSYYRyvcEBLrxtYA
  - unmatched placeId ChIJk0rWViuFP44R4qkps90rn-8
  - unmatched placeId 
  - unmatched placeId 
  - unmatched placeId 
[loop] 2026-07-03 22:10:13 chunk 23 starting
Targets: 8 churches
maxImages=8, estimated Apify cost ~$0.08
Starting Apify compass~crawler-google-places for 8 place ids...
Run CHzdKm39preCQZVhv, dataset H0ScakaX1cFLqfbZV
Dataset items: 8

Done. 0 churches updated, 0 photos mirrored to R2.
Raw archive: /Users/dpr/Code/Projekt/gospelmigration/data/places-raw/photos-run-2026-07-03.jsonl
Failures (8):
  - unmatched placeId 
  - unmatched placeId 
  - unmatched placeId 
  - unmatched placeId ChIJeaRp58xJSYYRyvcEBLrxtYA
  - unmatched placeId ChIJk0rWViuFP44R4qkps90rn-8
  - unmatched placeId 
  - unmatched placeId 
  - unmatched placeId 
[loop] 2026-07-03 22:10:49 chunk 24 starting
Targets: 8 churches
maxImages=8, estimated Apify cost ~$0.08
Starting Apify compass~crawler-google-places for 8 place ids...
Run DBTJ6VfgOeMZE1YxE, dataset CJqIrt6iVpPgstlps
Dataset items: 8

Done. 0 churches updated, 0 photos mirrored to R2.
Raw archive: /Users/dpr/Code/Projekt/gospelmigration/data/places-raw/photos-run-2026-07-03.jsonl
Failures (8):
  - unmatched placeId 
  - unmatched placeId 
  - unmatched placeId 
  - unmatched placeId ChIJeaRp58xJSYYRyvcEBLrxtYA
  - unmatched placeId ChIJk0rWViuFP44R4qkps90rn-8
  - unmatched placeId 
  - unmatched placeId 
  - unmatched placeId 
[loop] 2026-07-03 22:11:25 chunk 25 starting
Targets: 8 churches
maxImages=8, estimated Apify cost ~$0.08
Starting Apify compass~crawler-google-places for 8 place ids...
Run LAyPTR02Nj1EdTQ5g, dataset wm5Fu59oXafbnJodl
Dataset items: 8

Done. 0 churches updated, 0 photos mirrored to R2.
Raw archive: /Users/dpr/Code/Projekt/gospelmigration/data/places-raw/photos-run-2026-07-03.jsonl
Failures (8):
  - unmatched placeId 
  - unmatched placeId 
  - unmatched placeId 
  - unmatched placeId ChIJeaRp58xJSYYRyvcEBLrxtYA
  - unmatched placeId ChIJk0rWViuFP44R4qkps90rn-8
  - unmatched placeId 
  - unmatched placeId 
  - unmatched placeId 
[loop] 2026-07-03 22:12:02 chunk 26 starting
Targets: 8 churches
maxImages=8, estimated Apify cost ~$0.08
Starting Apify compass~crawler-google-places for 8 place ids...
Run 5qz8tBCtxzbRYeT2e, dataset 1L2G5Ox4G2UyFRBxp
Dataset items: 8

Done. 0 churches updated, 0 photos mirrored to R2.
Raw archive: /Users/dpr/Code/Projekt/gospelmigration/data/places-raw/photos-run-2026-07-03.jsonl
Failures (8):
  - unmatched placeId 
  - unmatched placeId 
  - unmatched placeId 
  - unmatched placeId ChIJeaRp58xJSYYRyvcEBLrxtYA
  - unmatched placeId 
  - unmatched placeId ChIJk0rWViuFP44R4qkps90rn-8
  - unmatched placeId 
  - unmatched placeId 
[loop] 2026-07-03 22:12:38 chunk 27 starting
Targets: 8 churches
maxImages=8, estimated Apify cost ~$0.08
Starting Apify compass~crawler-google-places for 8 place ids...
Run 5xCL039Zg60IYOcpw, dataset m5u1EHIGyrVEN0YT8
Dataset items: 8

Done. 0 churches updated, 0 photos mirrored to R2.
Raw archive: /Users/dpr/Code/Projekt/gospelmigration/data/places-raw/photos-run-2026-07-03.jsonl
Failures (8):
  - unmatched placeId 
  - unmatched placeId 
  - unmatched placeId 
  - unmatched placeId ChIJeaRp58xJSYYRyvcEBLrxtYA
  - unmatched placeId ChIJk0rWViuFP44R4qkps90rn-8
  - unmatched placeId 
  - unmatched placeId 
  - unmatched placeId 
[loop] 2026-07-03 22:13:15 chunk 28 starting
Targets: 8 churches
maxImages=8, estimated Apify cost ~$0.08
Starting Apify compass~crawler-google-places for 8 place ids...
Run 98XWZJehpzkKGpEAU, dataset 5MJW4DhXjzWlIcDzy
Dataset items: 8

Done. 0 churches updated, 0 photos mirrored to R2.
Raw archive: /Users/dpr/Code/Projekt/gospelmigration/data/places-raw/photos-run-2026-07-03.jsonl
Failures (8):
  - unmatched placeId 
  - unmatched placeId 
  - unmatched placeId 
  - unmatched placeId ChIJeaRp58xJSYYRyvcEBLrxtYA
  - unmatched placeId 
  - unmatched placeId 
  - unmatched placeId ChIJk0rWViuFP44R4qkps90rn-8
  - unmatched placeId 
[loop] 2026-07-03 22:13:51 chunk 29 starting
Targets: 8 churches
maxImages=8, estimated Apify cost ~$0.08
Starting Apify compass~crawler-google-places for 8 place ids...
Run W75x5V6PUyHsXX22A, dataset l4JPqzctLkvvpbago
Dataset items: 8

Done. 0 churches updated, 0 photos mirrored to R2.
Raw archive: /Users/dpr/Code/Projekt/gospelmigration/data/places-raw/photos-run-2026-07-03.jsonl
Failures (8):
  - unmatched placeId 
  - unmatched placeId 
  - unmatched placeId 
  - unmatched placeId ChIJeaRp58xJSYYRyvcEBLrxtYA
  - unmatched placeId 
  - unmatched placeId 
  - unmatched placeId 
  - unmatched placeId ChIJk0rWViuFP44R4qkps90rn-8
[loop] 2026-07-03 22:14:28 chunk 30 starting
Targets: 8 churches
maxImages=8, estimated Apify cost ~$0.08
Starting Apify compass~crawler-google-places for 8 place ids...
Run y8X4HNhXIOeCdHTDU, dataset Uaak5VVrvOXsVadxG
Dataset items: 8

Done. 0 churches updated, 0 photos mirrored to R2.
Raw archive: /Users/dpr/Code/Projekt/gospelmigration/data/places-raw/photos-run-2026-07-03.jsonl
Failures (8):
  - unmatched placeId 
  - unmatched placeId 
  - unmatched placeId 
  - unmatched placeId ChIJeaRp58xJSYYRyvcEBLrxtYA
  - unmatched placeId 
  - unmatched placeId ChIJk0rWViuFP44R4qkps90rn-8
  - unmatched placeId 
  - unmatched placeId 
[loop] 2026-07-03 22:15:04 chunk 31 starting
Targets: 8 churches
maxImages=8, estimated Apify cost ~$0.08
Starting Apify compass~crawler-google-places for 8 place ids...
Run gKaPzsvARRlbSEcAS, dataset AVCC3U0mUbz3w4hLZ
Dataset items: 8

Done. 0 churches updated, 0 photos mirrored to R2.
Raw archive: /Users/dpr/Code/Projekt/gospelmigration/data/places-raw/photos-run-2026-07-03.jsonl
Failures (8):
  - unmatched placeId 
  - unmatched placeId 
  - unmatched placeId 
  - unmatched placeId ChIJeaRp58xJSYYRyvcEBLrxtYA
  - unmatched placeId ChIJk0rWViuFP44R4qkps90rn-8
  - unmatched placeId 
  - unmatched placeId 
  - unmatched placeId 
[loop] 2026-07-03 22:15:41 chunk 32 starting
Targets: 8 churches
maxImages=8, estimated Apify cost ~$0.08
Starting Apify compass~crawler-google-places for 8 place ids...
Run dZFl1k3CGiL78O5Lw, dataset IRJzTydaYFdkrS1YC
Dataset items: 8

Done. 0 churches updated, 0 photos mirrored to R2.
Raw archive: /Users/dpr/Code/Projekt/gospelmigration/data/places-raw/photos-run-2026-07-03.jsonl
Failures (8):
  - unmatched placeId 
  - unmatched placeId 
  - unmatched placeId 
  - unmatched placeId ChIJeaRp58xJSYYRyvcEBLrxtYA
  - unmatched placeId ChIJk0rWViuFP44R4qkps90rn-8
  - unmatched placeId 
  - unmatched placeId 
  - unmatched placeId 
[loop] 2026-07-03 22:16:17 chunk 33 starting
Targets: 8 churches
maxImages=8, estimated Apify cost ~$0.08
Starting Apify compass~crawler-google-places for 8 place ids...
Run QNf5ywneZiaVlDWdC, dataset w4XAK7XXtXWVty70c
Dataset items: 8

Done. 0 churches updated, 0 photos mirrored to R2.
Raw archive: /Users/dpr/Code/Projekt/gospelmigration/data/places-raw/photos-run-2026-07-03.jsonl
Failures (8):
  - unmatched placeId 
  - unmatched placeId 
  - unmatched placeId 
  - unmatched placeId ChIJeaRp58xJSYYRyvcEBLrxtYA
  - unmatched placeId ChIJk0rWViuFP44R4qkps90rn-8
  - unmatched placeId 
  - unmatched placeId 
  - unmatched placeId 
[loop] 2026-07-03 22:16:53 chunk 34 starting
Targets: 8 churches
maxImages=8, estimated Apify cost ~$0.08
Starting Apify compass~crawler-google-places for 8 place ids...
Run ohS8sAKapwSayxGSJ, dataset kVDIytcRaGGU7LnYX
Dataset items: 8

Done. 0 churches updated, 0 photos mirrored to R2.
Raw archive: /Users/dpr/Code/Projekt/gospelmigration/data/places-raw/photos-run-2026-07-03.jsonl
Failures (8):
  - unmatched placeId 
  - unmatched placeId 
  - unmatched placeId 
  - unmatched placeId ChIJeaRp58xJSYYRyvcEBLrxtYA
  - unmatched placeId 
  - unmatched placeId 
  - unmatched placeId ChIJk0rWViuFP44R4qkps90rn-8
  - unmatched placeId 
[loop] 2026-07-03 22:17:30 chunk 35 starting
Targets: 8 churches
maxImages=8, estimated Apify cost ~$0.08
Starting Apify compass~crawler-google-places for 8 place ids...
Run Lcm3YfQabed5d2gBm, dataset 6fPMiMbRx12D1eqg0
Dataset items: 8

Done. 0 churches updated, 0 photos mirrored to R2.
Raw archive: /Users/dpr/Code/Projekt/gospelmigration/data/places-raw/photos-run-2026-07-03.jsonl
Failures (8):
  - unmatched placeId 
  - unmatched placeId 
  - unmatched placeId 
  - unmatched placeId ChIJeaRp58xJSYYRyvcEBLrxtYA
  - unmatched placeId ChIJk0rWViuFP44R4qkps90rn-8
  - unmatched placeId 
  - unmatched placeId 
  - unmatched placeId 
[loop] 2026-07-03 22:18:06 chunk 36 starting
Targets: 8 churches
maxImages=8, estimated Apify cost ~$0.08
Starting Apify compass~crawler-google-places for 8 place ids...
Run Yf1uDKDPfNiUrrNuP, dataset Adt65aoKwdLYwAk0D
Dataset items: 8

Done. 0 churches updated, 0 photos mirrored to R2.
Raw archive: /Users/dpr/Code/Projekt/gospelmigration/data/places-raw/photos-run-2026-07-03.jsonl
Failures (8):
  - unmatched placeId 
  - unmatched placeId 
  - unmatched placeId 
  - unmatched placeId ChIJeaRp58xJSYYRyvcEBLrxtYA
  - unmatched placeId ChIJk0rWViuFP44R4qkps90rn-8
  - unmatched placeId 
  - unmatched placeId 
  - unmatched placeId 
[loop] 2026-07-03 22:18:43 chunk 37 starting
Targets: 8 churches
maxImages=8, estimated Apify cost ~$0.08
Starting Apify compass~crawler-google-places for 8 place ids...
Run WlVDXjk76cMYzK9FM, dataset hwud4bGf55rpeeMzk
Dataset items: 8

Done. 0 churches updated, 0 photos mirrored to R2.
Raw archive: /Users/dpr/Code/Projekt/gospelmigration/data/places-raw/photos-run-2026-07-03.jsonl
Failures (8):
  - unmatched placeId 
  - unmatched placeId 
  - unmatched placeId ChIJeaRp58xJSYYRyvcEBLrxtYA
  - unmatched placeId 
  - unmatched placeId ChIJk0rWViuFP44R4qkps90rn-8
  - unmatched placeId 
  - unmatched placeId 
  - unmatched placeId 
[loop] 2026-07-03 22:19:19 chunk 38 starting
Targets: 8 churches
maxImages=8, estimated Apify cost ~$0.08
Starting Apify compass~crawler-google-places for 8 place ids...
Run PbIDkatpCuDnxDqDN, dataset boOFdzNyL6YN6DCGe
Dataset items: 8

Done. 0 churches updated, 0 photos mirrored to R2.
Raw archive: /Users/dpr/Code/Projekt/gospelmigration/data/places-raw/photos-run-2026-07-03.jsonl
Failures (8):
  - unmatched placeId 
  - unmatched placeId 
  - unmatched placeId 
  - unmatched placeId 
  - unmatched placeId ChIJeaRp58xJSYYRyvcEBLrxtYA
  - unmatched placeId ChIJk0rWViuFP44R4qkps90rn-8
  - unmatched placeId 
  - unmatched placeId 
[loop] 2026-07-03 22:19:55 chunk 39 starting
Targets: 8 churches
maxImages=8, estimated Apify cost ~$0.08
Starting Apify compass~crawler-google-places for 8 place ids...
Run rWcY41OQ8d6kXgTU4, dataset QKMtHl9nABfygt5q3
Dataset items: 8

Done. 0 churches updated, 0 photos mirrored to R2.
Raw archive: /Users/dpr/Code/Projekt/gospelmigration/data/places-raw/photos-run-2026-07-03.jsonl
Failures (8):
  - unmatched placeId 
  - unmatched placeId 
  - unmatched placeId 
  - unmatched placeId ChIJeaRp58xJSYYRyvcEBLrxtYA
  - unmatched placeId ChIJk0rWViuFP44R4qkps90rn-8
  - unmatched placeId 
  - unmatched placeId 
  - unmatched placeId 
[loop] 2026-07-03 22:20:32 chunk 40 starting
Targets: 8 churches
maxImages=8, estimated Apify cost ~$0.08
Starting Apify compass~crawler-google-places for 8 place ids...
Run lftQd6Y8tjU8UbqZd, dataset MgQWx7xdbRnl10Axs
Dataset items: 8

Done. 0 churches updated, 0 photos mirrored to R2.
Raw archive: /Users/dpr/Code/Projekt/gospelmigration/data/places-raw/photos-run-2026-07-03.jsonl
Failures (8):
  - unmatched placeId 
  - unmatched placeId 
  - unmatched placeId 
  - unmatched placeId ChIJeaRp58xJSYYRyvcEBLrxtYA
  - unmatched placeId ChIJk0rWViuFP44R4qkps90rn-8
  - unmatched placeId 
  - unmatched placeId 
  - unmatched placeId 
[loop] 2026-07-03 22:21:09 loop finished
